player_id,game_id,name,team,pos,shots,goals,fo,fo_wins,takeaways,giveaways
8471677,2019020007,J. Johnson,PIT,D,1,0,0,0,0.0,1.0
8471724,2019020007,K. Letang,PIT,D,4,0,0,0,1.0,4.0
8474602,2019020007,J. Schultz,PIT,D,6,0,0,0,0.0,1.0
8474618,2019020007,M. Scandella,BUF,D,2,0,0,0,0.0,0.0
8475208,2019020007,B. Dumoulin,PIT,D,1,0,0,0,0.0,2.0
8475790,2019020007,E. Gudbranson,PIT,D,0,0,0,0,0.0,1.0
8476525,2019020007,C. Miller,BUF,D,2,0,0,0,0.0,1.0
8476931,2019020007,J. McCabe,BUF,D,2,0,0,0,1.0,1.0
8477499,2019020007,R. Ristolainen,BUF,D,5,0,0,0,0.0,0.0
8477969,2019020007,M. Pettersson,PIT,D,2,0,0,0,0.0,0.0
8480035,2019020007,H. Jokiharju,BUF,D,0,0,0,0,0.0,1.0
8480839,2019020007,R. Dahlin,BUF,D,3,1,0,0,1.0,0.0
8471735,2019020021,K. Yandle,FLA,D,1,0,0,0,0.0,2.0
8471873,2019020021,A. Stralman,FLA,D,1,0,0,0,1.0,0.0
8474031,2019020021,K. Shattenkirk,TBL,D,5,0,0,0,1.0,1.0
8474151,2019020021,R. McDonagh,TBL,D,1,0,0,0,0.0,0.0
8475167,2019020021,V. Hedman,TBL,D,0,0,0,0,0.0,1.0
8476875,2019020021,M. Matheson,FLA,D,1,0,0,0,0.0,1.0
8477346,2019020021,M. Weegar,FLA,D,2,0,0,0,0.0,0.0
8477384,2019020021,J. Brown,FLA,D,0,0,0,0,0.0,1.0
8477932,2019020021,A. Ekblad,FLA,D,3,0,0,0,0.0,1.0
8478416,2019020021,E. Cernak,TBL,D,1,0,0,0,0.0,0.0
8479410,2019020021,M. Sergachev,TBL,D,2,0,0,0,1.0,1.0
8474581,2019020023,J. Gardiner,CAR,D,2,1,0,0,1.0,0.0
8474590,2019020023,J. Carlson,WSH,D,4,0,0,0,0.0,1.0
8475200,2019020023,D. Orlov,WSH,D,1,0,0,0,0.0,1.0
8475324,2019020023,N. Jensen,WSH,D,2,0,0,0,0.0,1.0
8475462,2019020023,R. Gudas,WSH,D,1,0,0,0,1.0,0.0
8476441,2019020023,J. Edmundson,CAR,D,2,0,0,0,0.0,3.0
8476462,2019020023,D. Hamilton,CAR,D,1,0,0,0,0.0,1.0
8476958,2019020023,J. Slavin,CAR,D,2,1,0,0,2.0,1.0
8477488,2019020023,B. Pesce,CAR,D,1,0,0,0,0.0,0.0
8477938,2019020023,H. Fleury,CAR,D,1,0,0,0,0.0,1.0
8480796,2019020023,M. Fehervary,WSH,D,3,0,0,0,0.0,0.0
8474031,2019020031,K. Shattenkirk,TBL,D,1,1,0,0,0.0,0.0
8474151,2019020031,R. McDonagh,TBL,D,1,0,0,0,0.0,0.0
8474581,2019020031,J. Gardiner,CAR,D,2,0,0,0,0.0,3.0
8475167,2019020031,V. Hedman,TBL,D,1,0,0,0,0.0,1.0
8476441,2019020031,J. Edmundson,CAR,D,1,0,0,0,1.0,0.0
8476462,2019020031,D. Hamilton,CAR,D,3,1,0,0,0.0,2.0
8476958,2019020031,J. Slavin,CAR,D,4,1,0,0,0.0,1.0
8477488,2019020031,B. Pesce,CAR,D,3,1,0,0,2.0,0.0
8477938,2019020031,H. Fleury,CAR,D,2,0,0,0,0.0,0.0
8478416,2019020031,E. Cernak,TBL,D,0,0,0,0,0.0,1.0
8479410,2019020031,M. Sergachev,TBL,D,1,0,0,0,0.0,1.0
8474581,2019020068,J. Gardiner,CAR,D,3,0,0,0,1.0,1.0
8475233,2019020068,D. Savard,CBJ,D,1,0,0,0,0.0,0.0
8476441,2019020068,J. Edmundson,CAR,D,1,0,0,0,1.0,1.0
8476462,2019020068,D. Hamilton,CAR,D,5,1,0,0,0.0,1.0
8476850,2019020068,R. Murray,CBJ,D,2,0,0,0,0.0,0.0
8476958,2019020068,J. Slavin,CAR,D,2,0,0,0,0.0,1.0
8477488,2019020068,B. Pesce,CAR,D,3,0,0,0,0.0,1.0
8477495,2019020068,S. Jones,CBJ,D,2,0,0,0,0.0,0.0
8477938,2019020068,H. Fleury,CAR,D,1,0,0,0,0.0,0.0
8478460,2019020068,Z. Werenski,CBJ,D,3,0,0,0,3.0,0.0
8478882,2019020068,V. Gavrikov,CBJ,D,2,0,0,0,0.0,0.0
8478906,2019020068,M. Nutivaara,CBJ,D,2,1,0,0,0.0,0.0
8470601,2019020086,B. Coburn,TBL,D,1,1,0,0,0.0,0.0
8470642,2019020086,S. Weber,MTL,D,1,0,0,0,0.0,2.0
8473507,2019020086,J. Petry,MTL,D,6,1,0,0,0.0,1.0
8474031,2019020086,K. Shattenkirk,TBL,D,2,0,0,0,0.0,0.0
8474151,2019020086,R. McDonagh,TBL,D,1,0,0,0,1.0,0.0
8475167,2019020086,V. Hedman,TBL,D,1,0,0,0,0.0,2.0
8475279,2019020086,B. Chiarot,MTL,D,3,0,0,0,0.0,1.0
8476967,2019020086,B. Kulak,MTL,D,0,0,0,0,1.0,0.0
8479376,2019020086,V. Mete,MTL,D,1,0,0,0,0.0,2.0
8479410,2019020086,M. Sergachev,TBL,D,3,0,0,0,0.0,2.0
8471274,2019020087,A. Goligoski,ARI,D,1,0,0,0,0.0,1.0
8474218,2019020087,J. Demers,ARI,D,2,0,0,0,1.0,3.0
8475171,2019020087,O. Ekman-Larsson,ARI,D,1,0,0,0,0.0,3.0
8475179,2019020087,D. Kulikov,WPG,D,2,0,0,0,0.0,2.0
8475868,2019020087,A. Bitetto,WPG,D,2,0,0,0,0.0,0.0
8477472,2019020087,C. Dahlstrom,WPG,D,3,0,0,0,0.0,1.0
8477504,2019020087,J. Morrissey,WPG,D,5,0,0,0,0.0,0.0
8477851,2019020087,J. Oesterle,ARI,D,2,0,0,0,0.0,0.0
8478476,2019020087,K. Capobianco,ARI,D,3,0,0,0,0.0,0.0
8479345,2019020087,J. Chychrun,ARI,D,3,0,0,0,0.0,2.0
8480145,2019020087,N. Pionk,WPG,D,2,0,0,0,0.0,2.0
8470613,2019020097,B. Burns,SJS,D,0,0,0,0,1.0,1.0
8471709,2019020097,M. Vlasic,SJS,D,0,0,0,0,1.0,0.0
8474578,2019020097,E. Karlsson,SJS,D,0,0,0,0,0.0,1.0
8474581,2019020097,J. Gardiner,CAR,D,1,0,0,0,1.0,1.0
8475455,2019020097,B. Dillon,SJS,D,1,0,0,0,0.0,0.0
8475841,2019020097,T. Heed,SJS,D,0,0,0,0,0.0,1.0
8476462,2019020097,D. Hamilton,CAR,D,4,1,0,0,0.0,0.0
8476958,2019020097,J. Slavin,CAR,D,2,0,0,0,0.0,0.0
8477488,2019020097,B. Pesce,CAR,D,3,0,0,0,0.0,0.0
8477938,2019020097,H. Fleury,CAR,D,3,0,0,0,0.0,0.0
8479983,2019020097,M. Ferraro,SJS,D,1,0,0,0,0.0,0.0
8470110,2019020111,T. Daley,DET,D,2,0,0,0,0.0,1.0
8471242,2019020111,M. Green,DET,D,3,1,0,0,0.0,0.0
8471729,2019020111,K. Russell,EDM,D,1,0,0,0,0.0,1.0
8475430,2019020111,B. Manning,EDM,D,1,0,0,0,0.0,1.0
8475747,2019020111,P. Nemeth,DET,D,3,0,0,0,1.0,1.0
8476472,2019020111,O. Klefbom,EDM,D,3,0,0,0,0.0,5.0
8476988,2019020111,M. Benning,EDM,D,2,0,0,0,2.0,1.0
8477215,2019020111,D. DeKeyser,DET,D,2,0,0,0,0.0,1.0
8477474,2019020111,M. Bowey,DET,D,0,0,0,0,0.0,1.0
8477498,2019020111,D. Nurse,EDM,D,5,0,0,0,0.0,0.0
8478451,2019020111,E. Bear,EDM,D,4,1,0,0,0.0,1.0
8479425,2019020111,F. Hronek,DET,D,2,0,0,0,0.0,2.0
8470600,2019020125,R. Suter,MIN,D,1,0,0,0,0.0,0.0
8470642,2019020125,S. Weber,MTL,D,4,0,0,0,0.0,0.0
8473507,2019020125,J. Petry,MTL,D,5,0,0,0,0.0,0.0
8474716,2019020125,J. Spurgeon,MIN,D,6,0,0,0,0.0,0.0
8475279,2019020125,B. Chiarot,MTL,D,2,0,0,0,0.0,0.0
8476463,2019020125,J. Brodin,MIN,D,0,0,0,0,0.0,1.0
8476779,2019020125,B. Hunt,MIN,D,2,1,0,0,1.0,0.0
8476856,2019020125,M. Dumba,MIN,D,0,0,0,0,1.0,0.0
8476967,2019020125,B. Kulak,MTL,D,2,0,0,0,0.0,0.0
8477369,2019020125,C. Soucy,MIN,D,3,0,0,0,0.0,0.0
8479376,2019020125,V. Mete,MTL,D,1,0,0,0,0.0,0.0
8479985,2019020125,C. Fleury,MTL,D,2,0,0,0,0.0,0.0
8468674,2019020130,D. Engelland,VGK,D,3,0,0,0,0.0,0.0
8471702,2019020130,M. Niskanen,PHI,D,5,1,0,0,0.0,2.0
8474027,2019020130,J. Braun,PHI,D,0,0,0,0,0.0,2.0
8474207,2019020130,N. Holden,VGK,D,0,0,0,0,1.0,0.0
8476906,2019020130,S. Gostisbehere,PHI,D,1,0,0,0,0.0,2.0
8476987,2019020130,J. Bischoff,VGK,D,2,0,0,0,0.0,0.0
8477447,2019020130,S. Theodore,VGK,D,2,0,0,0,0.0,3.0
8477462,2019020130,R. Hagg,PHI,D,2,0,0,0,0.0,3.0
8477948,2019020130,T. Sanheim,PHI,D,3,0,0,0,0.0,2.0
8478500,2019020130,I. Provorov,PHI,D,1,1,0,0,0.0,0.0
8474618,2019020147,M. Scandella,BUF,D,2,1,0,0,0.0,0.0
8476525,2019020147,C. Miller,BUF,D,2,0,0,0,1.0,2.0
8476869,2019020147,B. Skjei,NYR,D,3,0,0,0,0.0,1.0
8476885,2019020147,J. Trouba,NYR,D,4,0,0,0,3.0,3.0
8476931,2019020147,J. McCabe,BUF,D,2,0,0,0,0.0,0.0
8477499,2019020147,R. Ristolainen,BUF,D,1,0,0,0,0.0,1.0
8477950,2019020147,T. DeAngelo,NYR,D,1,1,0,0,0.0,0.0
8479323,2019020147,A. Fox,NYR,D,0,0,0,0,2.0,1.0
8479333,2019020147,L. Hajek,NYR,D,0,0,0,0,1.0,1.0
8480035,2019020147,H. Jokiharju,BUF,D,1,0,0,0,1.0,0.0
8480839,2019020147,R. Dahlin,BUF,D,3,0,0,0,0.0,2.0
8470151,2019020149,J. Bouwmeester,STL,D,2,0,0,0,0.0,0.0
8474166,2019020149,A. Martinez,LAK,D,0,0,0,0,0.0,2.0
8474563,2019020149,D. Doughty,LAK,D,3,0,0,0,1.0,3.0
8474565,2019020149,A. Pietrangelo,STL,D,2,1,0,0,0.0,1.0
8475753,2019020149,J. Faulk,STL,D,6,0,0,0,1.0,0.0
8476892,2019020149,C. Parayko,STL,D,2,0,0,0,0.0,0.0
8477018,2019020149,B. Hutton,LAK,D,5,0,0,0,0.0,0.0
8477073,2019020149,K. MacDermid,LAK,D,1,0,0,0,0.0,1.0
8478407,2019020149,V. Dunn,STL,D,1,1,0,0,0.0,0.0
8478911,2019020149,M. Roy,LAK,D,1,0,0,0,0.0,0.0
8480336,2019020149,S. Walker,LAK,D,0,0,0,0,1.0,1.0
8471729,2019020154,K. Russell,EDM,D,1,0,0,0,0.0,0.0
8474590,2019020154,J. Carlson,WSH,D,3,0,0,0,0.0,2.0
8475324,2019020154,N. Jensen,WSH,D,0,0,0,0,0.0,1.0
8475430,2019020154,B. Manning,EDM,D,2,0,0,0,0.0,0.0
8475462,2019020154,R. Gudas,WSH,D,2,0,0,0,0.0,0.0
8476472,2019020154,O. Klefbom,EDM,D,3,0,0,0,1.0,2.0
8476988,2019020154,M. Benning,EDM,D,1,0,0,0,0.0,0.0
8477498,2019020154,D. Nurse,EDM,D,6,1,0,0,1.0,1.0
8478451,2019020154,E. Bear,EDM,D,2,0,0,0,0.0,1.0
8479482,2019020154,M. Kempny,WSH,D,0,0,0,0,0.0,2.0
8470281,2019020161,D. Keith,CHI,D,1,0,0,0,1.0,1.0
8470607,2019020161,B. Seabrook,CHI,D,1,0,0,0,0.0,0.0
8474581,2019020161,J. Gardiner,CAR,D,2,0,0,0,1.0,1.0
8475177,2019020161,C. de Haan,CHI,D,3,0,0,0,1.0,1.0
8476441,2019020161,J. Edmundson,CAR,D,1,0,0,0,0.0,0.0
8476462,2019020161,D. Hamilton,CAR,D,1,0,0,0,1.0,4.0
8476874,2019020161,O. Maatta,CHI,D,2,0,0,0,0.0,0.0
8476886,2019020161,S. Koekkoek,CHI,D,1,0,0,0,0.0,0.0
8476958,2019020161,J. Slavin,CAR,D,2,0,0,0,2.0,3.0
8476979,2019020161,E. Gustafsson,CHI,D,3,0,0,0,0.0,1.0
8477488,2019020161,B. Pesce,CAR,D,0,0,0,0,2.0,1.0
8477845,2019020161,T. van Riemsdyk,CAR,D,0,0,0,0,1.0,0.0
8465009,2019020162,Z. Chara,BOS,D,1,0,0,0,0.0,1.0
8470151,2019020162,J. Bouwmeester,STL,D,1,0,0,0,0.0,1.0
8474565,2019020162,A. Pietrangelo,STL,D,3,0,0,0,3.0,0.0
8475753,2019020162,J. Faulk,STL,D,2,0,0,0,2.0,1.0
8476792,2019020162,T. Krug,BOS,D,1,0,0,0,0.0,1.0
8476891,2019020162,M. Grzelcyk,BOS,D,1,0,0,0,1.0,0.0
8476892,2019020162,C. Parayko,STL,D,4,0,0,0,2.0,1.0
8477365,2019020162,C. Clifton,BOS,D,1,0,0,0,0.0,0.0
8478407,2019020162,V. Dunn,STL,D,3,0,0,0,0.0,0.0
8478443,2019020162,B. Carlo,BOS,D,2,1,0,0,0.0,0.0
8479325,2019020162,C. McAvoy,BOS,D,1,0,0,0,1.0,1.0
8465009,2019020179,Z. Chara,BOS,D,1,0,0,0,0.0,2.0
8470613,2019020179,B. Burns,SJS,D,3,1,0,0,2.0,0.0
8474578,2019020179,E. Karlsson,SJS,D,1,0,0,0,0.0,2.0
8475455,2019020179,B. Dillon,SJS,D,1,0,0,0,0.0,2.0
8475841,2019020179,T. Heed,SJS,D,0,0,0,0,0.0,2.0
8476792,2019020179,T. Krug,BOS,D,3,0,0,0,0.0,1.0
8476891,2019020179,M. Grzelcyk,BOS,D,1,0,0,0,0.0,1.0
8477365,2019020179,C. Clifton,BOS,D,1,0,0,0,0.0,0.0
8478443,2019020179,B. Carlo,BOS,D,2,1,0,0,0.0,0.0
8479325,2019020179,C. McAvoy,BOS,D,0,0,0,0,1.0,0.0
8470110,2019020184,T. Daley,DET,D,1,0,0,0,0.0,1.0
8471242,2019020184,M. Green,DET,D,2,0,0,0,0.0,1.0
8471729,2019020184,K. Russell,EDM,D,1,0,0,0,1.0,0.0
8475430,2019020184,B. Manning,EDM,D,0,0,0,0,0.0,1.0
8475747,2019020184,P. Nemeth,DET,D,2,1,0,0,0.0,0.0
8476472,2019020184,O. Klefbom,EDM,D,2,0,0,0,0.0,0.0
8477498,2019020184,D. Nurse,EDM,D,3,0,0,0,0.0,0.0
8478176,2019020184,J. Hicketts,DET,D,1,0,0,0,0.0,1.0
8478451,2019020184,E. Bear,EDM,D,1,0,0,0,0.0,0.0
8479425,2019020184,F. Hronek,DET,D,4,1,0,0,0.0,1.0
8469465,2019020185,D. Hamhuis,NSH,D,2,0,0,0,0.0,1.0
8470281,2019020185,D. Keith,CHI,D,3,0,0,0,0.0,1.0
8474600,2019020185,R. Josi,NSH,D,5,0,0,0,1.0,0.0
8475176,2019020185,R. Ellis,NSH,D,1,0,0,0,1.0,1.0
8475177,2019020185,C. de Haan,CHI,D,0,0,0,0,0.0,1.0
8475218,2019020185,M. Ekholm,NSH,D,3,0,0,0,0.0,4.0
8475625,2019020185,M. Irwin,NSH,D,1,0,0,0,1.0,0.0
8476874,2019020185,O. Maatta,CHI,D,4,0,0,0,0.0,0.0
8476886,2019020185,S. Koekkoek,CHI,D,1,0,0,0,0.0,0.0
8476979,2019020185,E. Gustafsson,CHI,D,1,0,0,0,0.0,0.0
8479371,2019020185,D. Fabbro,NSH,D,0,0,0,0,0.0,2.0
8470642,2019020192,S. Weber,MTL,D,3,1,0,0,0.0,1.0
8471274,2019020192,A. Goligoski,ARI,D,5,0,0,0,0.0,0.0
8473507,2019020192,J. Petry,MTL,D,4,0,0,0,0.0,0.0
8474604,2019020192,A. Ness,ARI,D,0,0,0,0,0.0,1.0
8475171,2019020192,O. Ekman-Larsson,ARI,D,0,0,0,0,0.0,2.0
8475279,2019020192,B. Chiarot,MTL,D,1,0,0,0,1.0,0.0
8476422,2019020192,M. Reilly,MTL,D,1,0,0,0,0.0,0.0
8479345,2019020192,J. Chychrun,ARI,D,5,1,0,0,0.0,1.0
8479376,2019020192,V. Mete,MTL,D,2,0,0,0,0.0,0.0
8479985,2019020192,C. Fleury,MTL,D,1,0,0,0,0.0,1.0
8480950,2019020192,I. Lyubushkin,ARI,D,3,0,0,0,0.0,1.0
8471303,2019020193,A. Edler,VAN,D,3,0,0,0,0.0,0.0
8474166,2019020193,A. Martinez,LAK,D,1,0,0,0,0.0,1.0
8474563,2019020193,D. Doughty,LAK,D,2,0,0,0,0.0,2.0
8474574,2019020193,T. Myers,VAN,D,3,0,0,0,0.0,0.0
8474818,2019020193,J. Benn,VAN,D,3,0,0,0,0.0,1.0
8475690,2019020193,C. Tanev,VAN,D,2,0,0,0,0.0,4.0
8477018,2019020193,B. Hutton,LAK,D,0,0,0,0,0.0,1.0
8477073,2019020193,K. MacDermid,LAK,D,2,0,0,0,0.0,0.0
8478911,2019020193,M. Roy,LAK,D,1,0,0,0,0.0,0.0
8480336,2019020193,S. Walker,LAK,D,0,0,0,0,0.0,1.0
8470187,2019020197,J. Boychuk,NYI,D,3,0,0,0,0.0,4.0
8474031,2019020197,K. Shattenkirk,TBL,D,6,0,0,0,0.0,2.0
8474151,2019020197,R. McDonagh,TBL,D,1,1,0,0,1.0,1.0
8474568,2019020197,L. Schenn,TBL,D,1,0,0,0,0.0,1.0
8475181,2019020197,N. Leddy,NYI,D,1,0,0,0,0.0,2.0
8476429,2019020197,S. Mayfield,NYI,D,1,0,0,0,1.0,0.0
8476917,2019020197,A. Pelech,NYI,D,0,0,0,0,0.0,1.0
8477506,2019020197,R. Pulock,NYI,D,1,1,0,0,0.0,2.0
8478038,2019020197,D. Toews,NYI,D,3,0,0,0,0.0,0.0
8478416,2019020197,E. Cernak,TBL,D,4,0,0,0,0.0,0.0
8479410,2019020197,M. Sergachev,TBL,D,3,0,0,0,1.0,0.0
8480172,2019020197,J. Rutta,TBL,D,2,0,0,0,0.0,0.0
8469465,2019020222,D. Hamhuis,NSH,D,0,0,0,0,1.0,1.0
8473415,2019020222,A. Biega,DET,D,1,0,0,0,0.0,0.0
8474134,2019020222,Y. Weber,NSH,D,1,0,0,0,0.0,0.0
8474600,2019020222,R. Josi,NSH,D,2,0,0,0,0.0,1.0
8475218,2019020222,M. Ekholm,NSH,D,0,0,0,0,0.0,2.0
8475747,2019020222,P. Nemeth,DET,D,1,0,0,0,0.0,0.0
8477474,2019020222,M. Bowey,DET,D,2,0,0,0,1.0,2.0
8478176,2019020222,J. Hicketts,DET,D,0,0,0,0,1.0,1.0
8479371,2019020222,D. Fabbro,NSH,D,1,0,0,0,0.0,0.0
8479395,2019020222,D. Cholowski,DET,D,3,0,0,0,0.0,0.0
8479425,2019020222,F. Hronek,DET,D,2,0,0,0,0.0,0.0
8474162,2019020228,J. Muzzin,TOR,D,1,0,0,0,0.0,1.0
8474166,2019020228,A. Martinez,LAK,D,2,0,0,0,1.0,0.0
8474563,2019020228,D. Doughty,LAK,D,5,0,0,0,0.0,0.0
8475197,2019020228,T. Barrie,TOR,D,1,0,0,0,0.0,0.0
8475718,2019020228,J. Holl,TOR,D,1,0,0,0,0.0,0.0
8476853,2019020228,M. Rielly,TOR,D,3,0,0,0,0.0,1.0
8476879,2019020228,C. Ceci,TOR,D,0,0,0,0,0.0,3.0
8477018,2019020228,B. Hutton,LAK,D,3,0,0,0,0.0,1.0
8477073,2019020228,K. MacDermid,LAK,D,0,0,0,0,0.0,2.0
8478408,2019020228,T. Dermott,TOR,D,2,0,0,0,0.0,1.0
8478911,2019020228,M. Roy,LAK,D,1,0,0,0,1.0,0.0
8480336,2019020228,S. Walker,LAK,D,2,0,0,0,0.0,1.0
8468493,2019020242,R. Hainsey,OTT,D,0,0,0,0,0.0,1.0
8474166,2019020242,A. Martinez,LAK,D,1,0,0,0,0.0,1.0
8474563,2019020242,D. Doughty,LAK,D,2,0,0,0,1.0,0.0
8474697,2019020242,M. Borowiecki,OTT,D,1,0,0,0,0.0,1.0
8476331,2019020242,D. DeMelo,OTT,D,2,0,0,0,0.0,1.0
8477018,2019020242,B. Hutton,LAK,D,3,0,0,0,0.0,0.0
8477073,2019020242,K. MacDermid,LAK,D,1,0,0,0,0.0,1.0
8478469,2019020242,T. Chabot,OTT,D,3,0,0,0,0.0,1.0
8478911,2019020242,M. Roy,LAK,D,2,0,0,0,0.0,0.0
8479458,2019020242,N. Zaitsev,OTT,D,1,0,0,0,0.0,0.0
8470187,2019020252,J. Boychuk,NYI,D,2,0,0,0,0.0,0.0
8471735,2019020252,K. Yandle,FLA,D,1,0,0,0,0.0,3.0
8471873,2019020252,A. Stralman,FLA,D,1,0,0,0,1.0,2.0
8475181,2019020252,N. Leddy,NYI,D,1,0,0,0,1.0,2.0
8475796,2019020252,M. Pysyk,FLA,D,1,0,0,0,0.0,0.0
8476429,2019020252,S. Mayfield,NYI,D,4,1,0,0,0.0,1.0
8476875,2019020252,M. Matheson,FLA,D,4,0,0,0,1.0,0.0
8476917,2019020252,A. Pelech,NYI,D,0,0,0,0,2.0,2.0
8477346,2019020252,M. Weegar,FLA,D,1,0,0,0,1.0,1.0
8477506,2019020252,R. Pulock,NYI,D,3,0,0,0,1.0,0.0
8477932,2019020252,A. Ekblad,FLA,D,5,0,0,0,2.0,2.0
8478038,2019020252,D. Toews,NYI,D,1,0,0,0,0.0,1.0
8471303,2019020265,A. Edler,VAN,D,1,0,0,0,0.0,0.0
8474056,2019020265,P. Subban,NJD,D,1,0,0,0,0.0,0.0
8474574,2019020265,T. Myers,VAN,D,1,0,0,0,0.0,0.0
8474818,2019020265,J. Benn,VAN,D,1,0,0,0,0.0,1.0
8475690,2019020265,C. Tanev,VAN,D,0,0,0,0,1.0,0.0
8476807,2019020265,M. Tennyson,NJD,D,1,0,0,0,0.0,1.0
8477355,2019020265,W. Butcher,NJD,D,1,0,0,0,0.0,1.0
8479442,2019020265,T. Stecher,VAN,D,1,0,0,0,0.0,0.0
8480800,2019020265,Q. Hughes,VAN,D,3,0,0,0,0.0,0.0
8465009,2019020267,Z. Chara,BOS,D,3,0,0,0,1.0,2.0
8471702,2019020267,M. Niskanen,PHI,D,3,0,0,0,0.0,1.0
8474027,2019020267,J. Braun,PHI,D,2,0,0,0,1.0,1.0
8476792,2019020267,T. Krug,BOS,D,1,0,0,0,1.0,0.0
8476891,2019020267,M. Grzelcyk,BOS,D,1,0,0,0,1.0,1.0
8476906,2019020267,S. Gostisbehere,PHI,D,1,0,0,0,1.0,0.0
8477365,2019020267,C. Clifton,BOS,D,2,0,0,0,0.0,1.0
8477948,2019020267,T. Sanheim,PHI,D,3,0,0,0,0.0,0.0
8478443,2019020267,B. Carlo,BOS,D,3,0,0,0,1.0,1.0
8478500,2019020267,I. Provorov,PHI,D,3,0,0,0,2.0,1.0
8479026,2019020267,P. Myers,PHI,D,2,1,0,0,2.0,1.0
8479325,2019020267,C. McAvoy,BOS,D,3,0,0,0,1.0,3.0
8474031,2019020287,K. Shattenkirk,TBL,D,5,1,0,0,0.0,1.0
8474090,2019020287,B. Smith,NYR,D,0,0,0,0,1.0,0.0
8474568,2019020287,L. Schenn,TBL,D,4,1,0,0,0.0,0.0
8475167,2019020287,V. Hedman,TBL,D,6,0,0,0,1.0,0.0
8476869,2019020287,B. Skjei,NYR,D,1,0,0,0,0.0,0.0
8476885,2019020287,J. Trouba,NYR,D,1,0,0,0,0.0,0.0
8478416,2019020287,E. Cernak,TBL,D,6,0,0,0,1.0,1.0
8479323,2019020287,A. Fox,NYR,D,1,0,0,0,1.0,0.0
8479324,2019020287,R. Lindgren,NYR,D,1,0,0,0,0.0,0.0
8479410,2019020287,M. Sergachev,TBL,D,2,0,0,0,1.0,0.0
8471303,2019020291,A. Edler,VAN,D,5,0,0,0,0.0,1.0
8474574,2019020291,T. Myers,VAN,D,1,0,0,0,1.0,0.0
8476166,2019020291,T. Fedun,DAL,D,1,0,0,0,0.0,0.0
8476467,2019020291,J. Oleksiak,DAL,D,2,0,0,0,0.0,0.0
8476902,2019020291,E. Lindell,DAL,D,1,0,0,0,1.0,1.0
8479442,2019020291,T. Stecher,VAN,D,2,1,0,0,1.0,0.0
8480036,2019020291,M. Heiskanen,DAL,D,2,0,0,0,1.0,0.0
8480800,2019020291,Q. Hughes,VAN,D,2,0,0,0,1.0,3.0
8470151,2019020297,J. Bouwmeester,STL,D,3,0,0,0,0.0,0.0
8474125,2019020297,C. Gunnarsson,STL,D,0,0,0,0,0.0,1.0
8474565,2019020297,A. Pietrangelo,STL,D,2,0,0,0,1.0,1.0
8475233,2019020297,D. Savard,CBJ,D,1,0,0,0,0.0,0.0
8475753,2019020297,J. Faulk,STL,D,1,0,0,0,0.0,1.0
8476449,2019020297,S. Harrington,CBJ,D,2,0,0,0,0.0,0.0
8476892,2019020297,C. Parayko,STL,D,1,0,0,0,0.0,1.0
8477495,2019020297,S. Jones,CBJ,D,1,0,0,0,0.0,0.0
8478407,2019020297,V. Dunn,STL,D,2,0,0,0,0.0,1.0
8478460,2019020297,Z. Werenski,CBJ,D,5,1,0,0,2.0,1.0
8478567,2019020297,D. Kukan,CBJ,D,5,0,0,0,0.0,0.0
8478882,2019020297,V. Gavrikov,CBJ,D,2,1,0,0,0.0,0.0
8470318,2019020313,J. Ericsson,DET,D,2,0,0,0,0.0,0.0
8470613,2019020313,B. Burns,SJS,D,0,0,0,0,1.0,0.0
8471709,2019020313,M. Vlasic,SJS,D,1,1,0,0,0.0,1.0
8474578,2019020313,E. Karlsson,SJS,D,2,1,0,0,2.0,1.0
8475795,2019020313,D. McIlrath,DET,D,2,0,0,0,1.0,0.0
8477474,2019020313,M. Bowey,DET,D,3,0,0,0,0.0,0.0
8478176,2019020313,J. Hicketts,DET,D,2,0,0,0,1.0,0.0
8479983,2019020313,M. Ferraro,SJS,D,1,0,0,0,0.0,0.0
8480160,2019020313,R. Simek,SJS,D,1,0,0,0,0.0,0.0
8471702,2019020319,M. Niskanen,PHI,D,2,0,0,0,1.0,0.0
8471735,2019020319,K. Yandle,FLA,D,0,0,0,0,1.0,0.0
8471873,2019020319,A. Stralman,FLA,D,1,0,0,0,0.0,1.0
8474027,2019020319,J. Braun,PHI,D,1,0,0,0,1.0,0.0
8475796,2019020319,M. Pysyk,FLA,D,1,0,0,0,0.0,0.0
8476875,2019020319,M. Matheson,FLA,D,0,0,0,0,1.0,0.0
8476906,2019020319,S. Gostisbehere,PHI,D,0,0,0,0,0.0,1.0
8477932,2019020319,A. Ekblad,FLA,D,2,0,0,0,0.0,1.0
8477948,2019020319,T. Sanheim,PHI,D,3,1,0,0,0.0,0.0
8478500,2019020319,I. Provorov,PHI,D,2,0,0,0,1.0,2.0
8479026,2019020319,P. Myers,PHI,D,1,0,0,0,0.0,2.0
8470187,2019020321,J. Boychuk,NYI,D,2,0,0,0,0.0,0.0
8474602,2019020321,J. Schultz,PIT,D,2,0,0,0,0.0,1.0
8475181,2019020321,N. Leddy,NYI,D,2,0,0,0,0.0,0.0
8475208,2019020321,B. Dumoulin,PIT,D,1,0,0,0,1.0,0.0
8476429,2019020321,S. Mayfield,NYI,D,2,0,0,0,0.0,1.0
8477506,2019020321,R. Pulock,NYI,D,5,1,0,0,0.0,1.0
8477969,2019020321,M. Pettersson,PIT,D,1,0,0,0,1.0,1.0
8478038,2019020321,D. Toews,NYI,D,4,0,0,0,0.0,0.0
8478507,2019020321,J. Marino,PIT,D,0,0,0,0,1.0,0.0
8480945,2019020321,J. Riikola,PIT,D,0,0,0,0,1.0,1.0
8470966,2019020368,M. Giordano,CGY,D,6,0,0,0,0.0,0.0
8471724,2019020368,K. Letang,PIT,D,4,0,0,0,0.0,3.0
8474628,2019020368,M. Stone,CGY,D,3,0,0,0,0.0,0.0
8474673,2019020368,T. Brodie,CGY,D,0,0,0,0,1.0,0.0
8475208,2019020368,B. Dumoulin,PIT,D,1,0,0,0,0.0,0.0
8475902,2019020368,Z. Trotman,PIT,D,1,0,0,0,0.0,2.0
8477969,2019020368,M. Pettersson,PIT,D,1,0,0,0,1.0,0.0
8478396,2019020368,N. Hanifin,CGY,D,2,0,0,0,0.0,0.0
8478397,2019020368,R. Andersson,CGY,D,1,0,0,0,1.0,0.0
8478430,2019020368,O. Kylington,CGY,D,1,0,0,0,0.0,0.0
8478507,2019020368,J. Marino,PIT,D,1,0,0,0,0.0,0.0
8470600,2019020375,R. Suter,MIN,D,1,1,0,0,0.0,0.0
8472382,2019020375,A. Greene,NJD,D,1,0,0,0,0.0,1.0
8474056,2019020375,P. Subban,NJD,D,4,0,0,0,0.0,4.0
8474716,2019020375,J. Spurgeon,MIN,D,0,0,0,0,1.0,0.0
8475222,2019020375,S. Vatanen,NJD,D,4,0,0,0,0.0,2.0
8476463,2019020375,J. Brodin,MIN,D,2,0,0,0,0.0,0.0
8476779,2019020375,B. Hunt,MIN,D,1,0,0,0,0.0,0.0
8476807,2019020375,M. Tennyson,NJD,D,1,0,0,0,0.0,1.0
8476856,2019020375,M. Dumba,MIN,D,2,0,0,0,0.0,0.0
8476923,2019020375,D. Severson,NJD,D,1,0,0,0,0.0,2.0
8477355,2019020375,W. Butcher,NJD,D,2,0,0,0,0.0,0.0
8477369,2019020375,C. Soucy,MIN,D,2,0,0,0,0.0,2.0
8474090,2019020381,B. Smith,NYR,D,1,1,0,0,0.0,0.0
8474581,2019020381,J. Gardiner,CAR,D,3,0,0,0,0.0,1.0
8476441,2019020381,J. Edmundson,CAR,D,1,0,0,0,0.0,0.0
8476462,2019020381,D. Hamilton,CAR,D,6,0,0,0,1.0,0.0
8476869,2019020381,B. Skjei,NYR,D,1,0,0,0,2.0,3.0
8476885,2019020381,J. Trouba,NYR,D,2,0,0,0,1.0,0.0
8476958,2019020381,J. Slavin,CAR,D,1,0,0,0,1.0,1.0
8477488,2019020381,B. Pesce,CAR,D,0,0,0,0,1.0,2.0
8477938,2019020381,H. Fleury,CAR,D,3,0,0,0,1.0,1.0
8479323,2019020381,A. Fox,NYR,D,2,1,0,0,1.0,1.0
8479324,2019020381,R. Lindgren,NYR,D,1,0,0,0,0.0,1.0
8479333,2019020381,L. Hajek,NYR,D,0,0,0,0,0.0,1.0
8469465,2019020401,D. Hamhuis,NSH,D,0,0,0,0,1.0,0.0
8474134,2019020401,Y. Weber,NSH,D,0,0,0,0,2.0,0.0
8474581,2019020401,J. Gardiner,CAR,D,2,0,0,0,0.0,1.0
8474600,2019020401,R. Josi,NSH,D,3,0,0,0,0.0,1.0
8475176,2019020401,R. Ellis,NSH,D,5,0,0,0,1.0,1.0
8475218,2019020401,M. Ekholm,NSH,D,3,0,0,0,2.0,2.0
8476441,2019020401,J. Edmundson,CAR,D,2,0,0,0,0.0,1.0
8476462,2019020401,D. Hamilton,CAR,D,2,0,0,0,1.0,1.0
8476958,2019020401,J. Slavin,CAR,D,3,0,0,0,1.0,2.0
8477488,2019020401,B. Pesce,CAR,D,1,0,0,0,2.0,1.0
8477938,2019020401,H. Fleury,CAR,D,3,0,0,0,0.0,0.0
8479371,2019020401,D. Fabbro,NSH,D,0,0,0,0,0.0,1.0
8468674,2019020427,D. Engelland,VGK,D,1,0,0,0,0.0,0.0
8474056,2019020427,P. Subban,NJD,D,0,0,0,0,0.0,2.0
8475188,2019020427,B. McNabb,VGK,D,1,0,0,0,1.0,0.0
8475222,2019020427,S. Vatanen,NJD,D,1,0,0,0,1.0,0.0
8476923,2019020427,D. Severson,NJD,D,1,0,0,0,0.0,1.0
8477220,2019020427,N. Schmidt,VGK,D,1,0,0,0,1.0,1.0
8477355,2019020427,W. Butcher,NJD,D,2,0,0,0,1.0,1.0
8477447,2019020427,S. Theodore,VGK,D,0,0,0,0,1.0,1.0
8479980,2019020427,N. Hague,VGK,D,2,0,0,0,0.0,0.0
8474013,2019020434,I. Cole,COL,D,0,0,0,0,1.0,0.0
8474162,2019020434,J. Muzzin,TOR,D,1,0,0,0,1.0,1.0
8475197,2019020434,T. Barrie,TOR,D,2,0,0,0,1.0,0.0
8475718,2019020434,J. Holl,TOR,D,0,0,0,0,0.0,1.0
8476853,2019020434,M. Rielly,TOR,D,6,0,0,0,0.0,1.0
8476879,2019020434,C. Ceci,TOR,D,1,0,0,0,1.0,0.0
8477435,2019020434,R. Graves,COL,D,2,0,0,0,0.0,1.0
8477507,2019020434,N. Zadorov,COL,D,1,0,0,0,0.0,0.0
8478408,2019020434,T. Dermott,TOR,D,3,0,0,0,2.0,0.0
8479398,2019020434,S. Girard,COL,D,2,0,0,0,1.0,0.0
8480069,2019020434,C. Makar,COL,D,4,0,0,0,1.0,3.0
8480157,2019020434,C. Rosen,COL,D,1,0,0,0,0.0,1.0
8465009,2019020438,Z. Chara,BOS,D,2,0,0,0,0.0,1.0
8475177,2019020438,C. de Haan,CHI,D,2,0,0,0,0.0,1.0
8475186,2019020438,J. Moore,BOS,D,3,0,0,0,0.0,1.0
8476473,2019020438,C. Murphy,CHI,D,4,0,0,0,0.0,0.0
8476792,2019020438,T. Krug,BOS,D,7,1,0,0,2.0,0.0
8476886,2019020438,S. Koekkoek,CHI,D,0,0,0,0,0.0,1.0
8476891,2019020438,M. Grzelcyk,BOS,D,1,0,0,0,0.0,1.0
8476979,2019020438,E. Gustafsson,CHI,D,3,0,0,0,0.0,0.0
8478502,2019020438,D. Gilbert,CHI,D,2,0,0,0,1.0,0.0
8479325,2019020438,C. McAvoy,BOS,D,3,0,0,0,1.0,2.0
8471274,2019020449,A. Goligoski,ARI,D,2,0,0,0,0.0,2.0
8471724,2019020449,K. Letang,PIT,D,3,0,0,0,0.0,1.0
8474602,2019020449,J. Schultz,PIT,D,1,0,0,0,0.0,0.0
8475171,2019020449,O. Ekman-Larsson,ARI,D,3,0,0,0,0.0,1.0
8477244,2019020449,C. Ruhwedel,PIT,D,2,0,0,0,0.0,0.0
8477851,2019020449,J. Oesterle,ARI,D,2,0,0,0,0.0,0.0
8477969,2019020449,M. Pettersson,PIT,D,2,0,0,0,0.0,0.0
8478507,2019020449,J. Marino,PIT,D,0,0,0,0,1.0,1.0
8479345,2019020449,J. Chychrun,ARI,D,4,0,0,0,0.0,1.0
8471702,2019020452,M. Niskanen,PHI,D,4,0,0,0,0.0,2.0
8474027,2019020452,J. Braun,PHI,D,1,0,0,0,0.0,1.0
8474597,2019020452,C. Goloubef,OTT,D,1,0,0,0,0.0,2.0
8474697,2019020452,M. Borowiecki,OTT,D,0,0,0,0,0.0,1.0
8476331,2019020452,D. DeMelo,OTT,D,1,0,0,0,0.0,0.0
8476906,2019020452,S. Gostisbehere,PHI,D,1,1,0,0,0.0,0.0
8477948,2019020452,T. Sanheim,PHI,D,0,0,0,0,0.0,2.0
8478469,2019020452,T. Chabot,OTT,D,1,0,0,0,0.0,0.0
8478500,2019020452,I. Provorov,PHI,D,2,1,0,0,0.0,1.0
8479026,2019020452,P. Myers,PHI,D,1,0,0,0,0.0,1.0
8479458,2019020452,N. Zaitsev,OTT,D,1,0,0,0,1.0,0.0
8471735,2019020457,K. Yandle,FLA,D,1,0,0,0,0.0,1.0
8471873,2019020457,A. Stralman,FLA,D,0,0,0,0,1.0,0.0
8475233,2019020457,D. Savard,CBJ,D,1,0,0,0,0.0,0.0
8476875,2019020457,M. Matheson,FLA,D,4,0,0,0,1.0,1.0
8477346,2019020457,M. Weegar,FLA,D,1,0,0,0,1.0,1.0
8477384,2019020457,J. Brown,FLA,D,1,1,0,0,0.0,0.0
8477495,2019020457,S. Jones,CBJ,D,2,0,0,0,0.0,2.0
8477932,2019020457,A. Ekblad,FLA,D,1,0,0,0,0.0,1.0
8478567,2019020457,D. Kukan,CBJ,D,3,0,0,0,0.0,0.0
8478882,2019020457,V. Gavrikov,CBJ,D,1,1,0,0,0.0,2.0
8479369,2019020457,A. Peeke,CBJ,D,1,0,0,0,0.0,0.0
8470966,2019020471,M. Giordano,CGY,D,3,0,0,0,1.0,0.0
8474013,2019020471,I. Cole,COL,D,2,0,0,0,0.0,0.0
8474612,2019020471,T. Hamonic,CGY,D,0,0,0,0,1.0,0.0
8474717,2019020471,M. Barberio,COL,D,1,0,0,0,1.0,1.0
8477435,2019020471,R. Graves,COL,D,3,1,0,0,1.0,1.0
8477507,2019020471,N. Zadorov,COL,D,0,0,0,0,1.0,1.0
8478396,2019020471,N. Hanifin,CGY,D,2,0,0,0,0.0,0.0
8478397,2019020471,R. Andersson,CGY,D,1,0,0,0,0.0,0.0
8479398,2019020471,S. Girard,COL,D,1,0,0,0,1.0,3.0
8480157,2019020471,C. Rosen,COL,D,1,0,0,0,0.0,0.0
8465009,2019020488,Z. Chara,BOS,D,1,0,0,0,0.0,1.0
8474031,2019020488,K. Shattenkirk,TBL,D,3,0,0,0,1.0,0.0
8474151,2019020488,R. McDonagh,TBL,D,0,0,0,0,2.0,1.0
8475167,2019020488,V. Hedman,TBL,D,1,0,0,0,1.0,0.0
8475186,2019020488,J. Moore,BOS,D,1,1,0,0,0.0,0.0
8476792,2019020488,T. Krug,BOS,D,2,0,0,0,0.0,1.0
8476891,2019020488,M. Grzelcyk,BOS,D,0,0,0,0,0.0,1.0
8478416,2019020488,E. Cernak,TBL,D,3,0,0,0,0.0,0.0
8478443,2019020488,B. Carlo,BOS,D,2,0,0,0,2.0,0.0
8479325,2019020488,C. McAvoy,BOS,D,3,0,0,0,0.0,1.0
8479410,2019020488,M. Sergachev,TBL,D,1,0,0,0,0.0,0.0
8480172,2019020488,J. Rutta,TBL,D,1,0,0,0,0.0,0.0
8471677,2019020490,J. Johnson,PIT,D,2,0,0,0,0.0,0.0
8471724,2019020490,K. Letang,PIT,D,3,0,0,0,0.0,1.0
8474602,2019020490,J. Schultz,PIT,D,1,0,0,0,0.0,2.0
8476850,2019020490,R. Murray,CBJ,D,2,0,0,0,1.0,0.0
8477244,2019020490,C. Ruhwedel,PIT,D,1,0,0,0,0.0,1.0
8477495,2019020490,S. Jones,CBJ,D,1,0,0,0,1.0,1.0
8478507,2019020490,J. Marino,PIT,D,2,0,0,0,0.0,0.0
8478567,2019020490,D. Kukan,CBJ,D,0,0,0,0,0.0,1.0
8478882,2019020490,V. Gavrikov,CBJ,D,1,0,0,0,0.0,1.0
8479369,2019020490,A. Peeke,CBJ,D,1,0,0,0,0.0,1.0
8474031,2019020507,K. Shattenkirk,TBL,D,4,0,0,0,0.0,2.0
8474151,2019020507,R. McDonagh,TBL,D,0,0,0,0,1.0,0.0
8474590,2019020507,J. Carlson,WSH,D,2,0,0,0,1.0,0.0
8475167,2019020507,V. Hedman,TBL,D,2,0,0,0,2.0,0.0
8475200,2019020507,D. Orlov,WSH,D,3,0,0,0,2.0,0.0
8475324,2019020507,N. Jensen,WSH,D,2,0,0,0,1.0,0.0
8475462,2019020507,R. Gudas,WSH,D,5,0,0,0,0.0,0.0
8478416,2019020507,E. Cernak,TBL,D,2,0,0,0,0.0,0.0
8479410,2019020507,M. Sergachev,TBL,D,3,0,0,0,0.0,0.0
8479482,2019020507,M. Kempny,WSH,D,1,0,0,0,0.0,2.0
8480172,2019020507,J. Rutta,TBL,D,1,1,0,0,0.0,1.0
8471702,2019020515,M. Niskanen,PHI,D,4,1,0,0,1.0,0.0
8474027,2019020515,J. Braun,PHI,D,0,0,0,0,0.0,1.0
8474579,2019020515,L. Sbisa,WPG,D,1,1,0,0,0.0,0.0
8475868,2019020515,A. Bitetto,WPG,D,3,0,0,0,0.0,0.0
8476470,2019020515,N. Beaulieu,WPG,D,0,0,0,0,0.0,1.0
8476906,2019020515,S. Gostisbehere,PHI,D,1,1,0,0,0.0,3.0
8477359,2019020515,T. Poolman,WPG,D,0,0,0,0,1.0,0.0
8477462,2019020515,R. Hagg,PHI,D,1,0,0,0,0.0,1.0
8477504,2019020515,J. Morrissey,WPG,D,1,0,0,0,0.0,1.0
8477948,2019020515,T. Sanheim,PHI,D,3,0,0,0,0.0,1.0
8478500,2019020515,I. Provorov,PHI,D,4,0,0,0,0.0,1.0
8480145,2019020515,N. Pionk,WPG,D,2,0,0,0,0.0,2.0
8468493,2019020519,R. Hainsey,OTT,D,4,0,0,0,0.0,4.0
8471735,2019020519,K. Yandle,FLA,D,2,0,0,0,1.0,1.0
8471873,2019020519,A. Stralman,FLA,D,1,0,0,0,0.0,0.0
8474597,2019020519,C. Goloubef,OTT,D,2,0,0,0,0.0,1.0
8474697,2019020519,M. Borowiecki,OTT,D,1,0,0,0,1.0,0.0
8475796,2019020519,M. Pysyk,FLA,D,0,0,0,0,1.0,0.0
8476875,2019020519,M. Matheson,FLA,D,1,1,0,0,1.0,1.0
8477346,2019020519,M. Weegar,FLA,D,2,0,0,0,3.0,2.0
8477384,2019020519,J. Brown,FLA,D,3,0,0,0,0.0,2.0
8477932,2019020519,A. Ekblad,FLA,D,2,0,0,0,1.0,0.0
8477971,2019020519,A. Englund,OTT,D,1,0,0,0,1.0,0.0
8478469,2019020519,T. Chabot,OTT,D,3,0,0,0,1.0,1.0
8480073,2019020519,E. Brannstrom,OTT,D,2,0,0,0,0.0,0.0
8470642,2019020532,S. Weber,MTL,D,2,1,0,0,0.0,2.0
8473507,2019020532,J. Petry,MTL,D,2,0,0,0,0.0,1.0
8474574,2019020532,T. Myers,VAN,D,3,0,0,0,0.0,3.0
8474818,2019020532,J. Benn,VAN,D,1,0,0,0,1.0,1.0
8475279,2019020532,B. Chiarot,MTL,D,2,0,0,0,1.0,0.0
8475690,2019020532,C. Tanev,VAN,D,3,0,0,0,0.0,0.0
8476422,2019020532,M. Reilly,MTL,D,1,0,0,0,0.0,0.0
8476967,2019020532,B. Kulak,MTL,D,1,0,0,0,0.0,0.0
8479442,2019020532,T. Stecher,VAN,D,3,0,0,0,0.0,0.0
8479985,2019020532,C. Fleury,MTL,D,2,0,0,0,0.0,0.0
8480147,2019020532,O. Fantenberg,VAN,D,3,0,0,0,0.0,0.0
8480800,2019020532,Q. Hughes,VAN,D,4,0,0,0,1.0,3.0
8470151,2019020537,J. Bouwmeester,STL,D,0,0,0,0,1.0,1.0
8474145,2019020537,R. Bortuzzo,STL,D,1,0,0,0,1.0,0.0
8474565,2019020537,A. Pietrangelo,STL,D,6,0,0,0,0.0,1.0
8475753,2019020537,J. Faulk,STL,D,9,0,0,0,1.0,2.0
8476457,2019020537,A. Larsson,EDM,D,0,0,0,0,0.0,1.0
8476472,2019020537,O. Klefbom,EDM,D,2,0,0,0,2.0,0.0
8476892,2019020537,C. Parayko,STL,D,1,0,0,0,0.0,2.0
8477498,2019020537,D. Nurse,EDM,D,2,0,0,0,0.0,0.0
8478407,2019020537,V. Dunn,STL,D,2,0,0,0,0.0,1.0
8478451,2019020537,E. Bear,EDM,D,0,0,0,0,1.0,1.0
8478452,2019020537,C. Jones,EDM,D,2,0,0,0,0.0,0.0
8470642,2019020545,S. Weber,MTL,D,2,0,0,0,0.0,0.0
8470966,2019020545,M. Giordano,CGY,D,3,0,0,0,0.0,0.0
8473507,2019020545,J. Petry,MTL,D,1,0,0,0,3.0,0.0
8474612,2019020545,T. Hamonic,CGY,D,3,0,0,0,0.0,2.0
8474673,2019020545,T. Brodie,CGY,D,2,0,0,0,1.0,1.0
8475279,2019020545,B. Chiarot,MTL,D,1,0,0,0,0.0,1.0
8476422,2019020545,M. Reilly,MTL,D,2,0,0,0,0.0,2.0
8476967,2019020545,B. Kulak,MTL,D,0,0,0,0,0.0,3.0
8478396,2019020545,N. Hanifin,CGY,D,1,0,0,0,2.0,2.0
8478397,2019020545,R. Andersson,CGY,D,0,0,0,0,1.0,1.0
8478430,2019020545,O. Kylington,CGY,D,1,1,0,0,1.0,2.0
8479985,2019020545,C. Fleury,MTL,D,2,0,0,0,0.0,0.0
8471686,2019020574,M. Staal,NYR,D,2,0,0,0,0.0,1.0
8471702,2019020574,M. Niskanen,PHI,D,2,0,0,0,0.0,1.0
8474027,2019020574,J. Braun,PHI,D,1,0,0,0,0.0,0.0
8474090,2019020574,B. Smith,NYR,D,1,0,0,0,0.0,0.0
8476869,2019020574,B. Skjei,NYR,D,3,0,0,0,0.0,0.0
8476885,2019020574,J. Trouba,NYR,D,0,0,0,0,0.0,1.0
8476906,2019020574,S. Gostisbehere,PHI,D,2,0,0,0,0.0,0.0
8477948,2019020574,T. Sanheim,PHI,D,4,2,0,0,0.0,0.0
8477950,2019020574,T. DeAngelo,NYR,D,4,0,0,0,0.0,0.0
8478500,2019020574,I. Provorov,PHI,D,3,0,0,0,0.0,2.0
8479323,2019020574,A. Fox,NYR,D,5,0,0,0,0.0,0.0
8479324,2019020574,R. Lindgren,NYR,D,1,0,0,0,0.0,0.0
8470151,2019020581,J. Bouwmeester,STL,D,1,0,0,0,1.0,0.0
8474145,2019020581,R. Bortuzzo,STL,D,0,0,0,0,0.0,2.0
8474563,2019020581,D. Doughty,LAK,D,3,0,0,0,0.0,1.0
8474565,2019020581,A. Pietrangelo,STL,D,6,0,0,0,1.0,1.0
8475753,2019020581,J. Faulk,STL,D,2,0,0,0,0.0,0.0
8476892,2019020581,C. Parayko,STL,D,2,0,0,0,0.0,2.0
8477018,2019020581,B. Hutton,LAK,D,1,0,0,0,0.0,0.0
8477046,2019020581,J. Ryan,LAK,D,0,0,0,0,0.0,2.0
8477073,2019020581,K. MacDermid,LAK,D,1,0,0,0,0.0,0.0
8478407,2019020581,V. Dunn,STL,D,1,1,0,0,0.0,0.0
8478911,2019020581,M. Roy,LAK,D,1,0,0,0,0.0,0.0
8470600,2019020588,R. Suter,MIN,D,2,1,0,0,1.0,0.0
8474013,2019020588,I. Cole,COL,D,2,0,0,0,0.0,0.0
8474716,2019020588,J. Spurgeon,MIN,D,1,0,0,0,0.0,0.0
8476463,2019020588,J. Brodin,MIN,D,4,0,0,0,0.0,0.0
8476779,2019020588,B. Hunt,MIN,D,3,1,0,0,0.0,0.0
8476856,2019020588,M. Dumba,MIN,D,2,0,0,0,0.0,0.0
8477369,2019020588,C. Soucy,MIN,D,2,1,0,0,0.0,0.0
8477435,2019020588,R. Graves,COL,D,4,0,0,0,0.0,1.0
8477507,2019020588,N. Zadorov,COL,D,0,0,0,0,2.0,0.0
8479398,2019020588,S. Girard,COL,D,2,0,0,0,0.0,0.0
8480069,2019020588,C. Makar,COL,D,2,0,0,0,1.0,1.0
8470642,2019020594,S. Weber,MTL,D,5,0,0,0,0.0,1.0
8473507,2019020594,J. Petry,MTL,D,6,0,0,0,0.0,0.0
8474031,2019020594,K. Shattenkirk,TBL,D,2,0,0,0,0.0,1.0
8475167,2019020594,V. Hedman,TBL,D,3,0,0,0,1.0,1.0
8475279,2019020594,B. Chiarot,MTL,D,2,1,0,0,0.0,0.0
8476967,2019020594,B. Kulak,MTL,D,2,0,0,0,0.0,0.0
8479376,2019020594,V. Mete,MTL,D,1,0,0,0,0.0,0.0
8479410,2019020594,M. Sergachev,TBL,D,1,0,0,0,1.0,0.0
8479985,2019020594,C. Fleury,MTL,D,1,0,0,0,0.0,1.0
8480172,2019020594,J. Rutta,TBL,D,2,0,0,0,0.0,1.0
8471677,2019020596,J. Johnson,PIT,D,2,0,0,0,0.0,1.0
8471724,2019020596,K. Letang,PIT,D,4,1,0,0,1.0,0.0
8474134,2019020596,Y. Weber,NSH,D,2,0,0,0,0.0,0.0
8474600,2019020596,R. Josi,NSH,D,3,0,0,0,0.0,1.0
8475176,2019020596,R. Ellis,NSH,D,2,0,0,0,0.0,0.0
8475218,2019020596,M. Ekholm,NSH,D,4,0,0,0,0.0,0.0
8475797,2019020596,J. Tinordi,NSH,D,0,0,0,0,0.0,1.0
8477244,2019020596,C. Ruhwedel,PIT,D,0,0,0,0,0.0,1.0
8477969,2019020596,M. Pettersson,PIT,D,2,0,0,0,0.0,1.0
8478507,2019020596,J. Marino,PIT,D,2,0,0,0,0.0,0.0
8479371,2019020596,D. Fabbro,NSH,D,0,0,0,0,1.0,0.0
8480945,2019020596,J. Riikola,PIT,D,2,0,0,0,0.0,0.0
8471735,2019020619,K. Yandle,FLA,D,4,0,0,0,1.0,0.0
8471873,2019020619,A. Stralman,FLA,D,1,0,0,0,0.0,0.0
8475233,2019020619,D. Savard,CBJ,D,1,0,0,0,0.0,5.0
8475796,2019020619,M. Pysyk,FLA,D,1,0,0,0,0.0,0.0
8476875,2019020619,M. Matheson,FLA,D,2,0,0,0,0.0,0.0
8477384,2019020619,J. Brown,FLA,D,1,0,0,0,0.0,0.0
8477495,2019020619,S. Jones,CBJ,D,2,0,0,0,0.0,1.0
8477932,2019020619,A. Ekblad,FLA,D,3,0,0,0,0.0,0.0
8478460,2019020619,Z. Werenski,CBJ,D,6,3,0,0,0.0,0.0
8478567,2019020619,D. Kukan,CBJ,D,1,0,0,0,0.0,1.0
8479388,2019020619,R. Stillman,FLA,D,1,0,0,0,0.0,0.0
8471724,2019020654,K. Letang,PIT,D,0,0,0,0,1.0,2.0
8471735,2019020654,K. Yandle,FLA,D,3,0,0,0,0.0,0.0
8471873,2019020654,A. Stralman,FLA,D,0,0,0,0,1.0,1.0
8476875,2019020654,M. Matheson,FLA,D,2,0,0,0,1.0,0.0
8477384,2019020654,J. Brown,FLA,D,2,0,0,0,0.0,0.0
8477932,2019020654,A. Ekblad,FLA,D,3,0,0,0,0.0,0.0
8477969,2019020654,M. Pettersson,PIT,D,1,0,0,0,0.0,1.0
8478507,2019020654,J. Marino,PIT,D,0,0,0,0,2.0,0.0
8479388,2019020654,R. Stillman,FLA,D,3,0,0,0,2.0,0.0
8470187,2019020665,J. Boychuk,NYI,D,2,0,0,0,0.0,1.0
8472382,2019020665,A. Greene,NJD,D,0,0,0,0,0.0,1.0
8474056,2019020665,P. Subban,NJD,D,2,1,0,0,0.0,1.0
8475181,2019020665,N. Leddy,NYI,D,2,0,0,0,0.0,0.0
8475222,2019020665,S. Vatanen,NJD,D,3,0,0,0,0.0,1.0
8476429,2019020665,S. Mayfield,NYI,D,3,0,0,0,0.0,1.0
8476923,2019020665,D. Severson,NJD,D,1,0,0,0,0.0,4.0
8477355,2019020665,W. Butcher,NJD,D,1,0,0,0,0.0,1.0
8477506,2019020665,R. Pulock,NYI,D,4,0,0,0,0.0,2.0
8477509,2019020665,M. Mueller,NJD,D,2,0,0,0,0.0,1.0
8478038,2019020665,D. Toews,NYI,D,3,0,0,0,0.0,0.0
8480865,2019020665,N. Dobson,NYI,D,0,0,0,0,1.0,0.0
8470642,2019020679,S. Weber,MTL,D,6,0,0,0,0.0,0.0
8473507,2019020679,J. Petry,MTL,D,3,0,0,0,0.0,2.0
8474618,2019020679,M. Scandella,MTL,D,1,0,0,0,1.0,2.0
8476457,2019020679,A. Larsson,EDM,D,3,0,0,0,1.0,1.0
8476472,2019020679,O. Klefbom,EDM,D,1,0,0,0,0.0,1.0
8476967,2019020679,B. Kulak,MTL,D,2,0,0,0,1.0,1.0
8477498,2019020679,D. Nurse,EDM,D,3,0,0,0,0.0,0.0
8478451,2019020679,E. Bear,EDM,D,0,0,0,0,0.0,5.0
8479376,2019020679,V. Mete,MTL,D,1,0,0,0,0.0,0.0
8479985,2019020679,C. Fleury,MTL,D,2,0,0,0,0.0,0.0
8471274,2019020690,A. Goligoski,ARI,D,0,0,0,0,0.0,4.0
8474218,2019020690,J. Demers,ARI,D,2,0,0,0,0.0,0.0
8474581,2019020690,J. Gardiner,CAR,D,1,0,0,0,1.0,2.0
8475171,2019020690,O. Ekman-Larsson,ARI,D,2,0,0,0,0.0,0.0
8476441,2019020690,J. Edmundson,CAR,D,2,0,0,0,1.0,1.0
8476462,2019020690,D. Hamilton,CAR,D,1,0,0,0,1.0,0.0
8476958,2019020690,J. Slavin,CAR,D,1,0,0,0,2.0,1.0
8477488,2019020690,B. Pesce,CAR,D,3,0,0,0,1.0,1.0
8477845,2019020690,T. van Riemsdyk,CAR,D,1,0,0,0,0.0,0.0
8477851,2019020690,J. Oesterle,ARI,D,2,0,0,0,1.0,0.0
8479345,2019020690,J. Chychrun,ARI,D,2,0,0,0,1.0,1.0
8480950,2019020690,I. Lyubushkin,ARI,D,0,0,0,0,0.0,1.0
8465009,2019020694,Z. Chara,BOS,D,1,0,0,0,0.0,4.0
8470187,2019020694,J. Boychuk,NYI,D,4,0,0,0,0.0,1.0
8475181,2019020694,N. Leddy,NYI,D,0,0,0,0,0.0,3.0
8475186,2019020694,J. Moore,BOS,D,2,1,0,0,0.0,1.0
8476429,2019020694,S. Mayfield,NYI,D,2,1,0,0,0.0,0.0
8476792,2019020694,T. Krug,BOS,D,2,0,0,0,0.0,2.0
8476891,2019020694,M. Grzelcyk,BOS,D,0,0,0,0,0.0,1.0
8477506,2019020694,R. Pulock,NYI,D,1,0,0,0,0.0,1.0
8478038,2019020694,D. Toews,NYI,D,2,0,0,0,3.0,2.0
8478443,2019020694,B. Carlo,BOS,D,2,0,0,0,0.0,0.0
8479325,2019020694,C. McAvoy,BOS,D,1,0,0,0,1.0,2.0
8480865,2019020694,N. Dobson,NYI,D,1,0,0,0,0.0,1.0
8470281,2019020699,D. Keith,CHI,D,2,0,0,0,0.0,1.0
8474584,2019020699,M. Del Zotto,ANA,D,0,0,0,0,0.0,2.0
8475764,2019020699,C. Fowler,ANA,D,2,0,0,0,0.0,2.0
8475790,2019020699,E. Gudbranson,ANA,D,1,0,0,0,0.0,0.0
8476312,2019020699,J. Manson,ANA,D,2,0,0,0,1.0,0.0
8476473,2019020699,C. Murphy,CHI,D,4,0,0,0,1.0,1.0
8476854,2019020699,H. Lindholm,ANA,D,1,0,0,0,0.0,2.0
8476874,2019020699,O. Maatta,CHI,D,1,1,0,0,0.0,1.0
8476886,2019020699,S. Koekkoek,CHI,D,1,0,0,0,0.0,1.0
8476979,2019020699,E. Gustafsson,CHI,D,0,0,0,0,0.0,1.0
8478491,2019020699,J. Larsson,ANA,D,3,0,0,0,0.0,1.0
8480871,2019020699,A. Boqvist,CHI,D,1,0,0,0,0.0,1.0
8474207,2019020701,N. Holden,VGK,D,4,0,0,0,1.0,1.0
8475233,2019020701,D. Savard,CBJ,D,1,0,0,0,1.0,0.0
8476449,2019020701,S. Harrington,CBJ,D,0,0,0,0,1.0,0.0
8477220,2019020701,N. Schmidt,VGK,D,1,0,0,0,1.0,1.0
8477447,2019020701,S. Theodore,VGK,D,3,0,0,0,3.0,0.0
8477495,2019020701,S. Jones,CBJ,D,1,0,0,0,0.0,0.0
8478460,2019020701,Z. Werenski,CBJ,D,4,0,0,0,1.0,0.0
8478882,2019020701,V. Gavrikov,CBJ,D,1,0,0,0,1.0,1.0
8478906,2019020701,M. Nutivaara,CBJ,D,1,0,0,0,0.0,0.0
8465009,2019020711,Z. Chara,BOS,D,0,0,0,0,0.0,1.0
8471702,2019020711,M. Niskanen,PHI,D,3,0,0,0,0.0,0.0
8475186,2019020711,J. Moore,BOS,D,2,0,0,0,1.0,0.0
8476792,2019020711,T. Krug,BOS,D,3,0,0,0,1.0,1.0
8476891,2019020711,M. Grzelcyk,BOS,D,1,0,0,0,0.0,1.0
8477462,2019020711,R. Hagg,PHI,D,1,0,0,0,0.0,1.0
8477948,2019020711,T. Sanheim,PHI,D,5,2,0,0,0.0,1.0
8478443,2019020711,B. Carlo,BOS,D,1,0,0,0,0.0,0.0
8478500,2019020711,I. Provorov,PHI,D,5,0,0,0,0.0,1.0
8479026,2019020711,P. Myers,PHI,D,2,0,0,0,1.0,2.0
8479325,2019020711,C. McAvoy,BOS,D,2,0,0,0,0.0,2.0
8474581,2019020712,J. Gardiner,CAR,D,1,0,0,0,0.0,0.0
8474590,2019020712,J. Carlson,WSH,D,2,0,0,0,1.0,0.0
8475200,2019020712,D. Orlov,WSH,D,1,0,0,0,0.0,1.0
8475324,2019020712,N. Jensen,WSH,D,3,0,0,0,0.0,2.0
8475462,2019020712,R. Gudas,WSH,D,2,0,0,0,2.0,0.0
8476441,2019020712,J. Edmundson,CAR,D,0,0,0,0,0.0,1.0
8476462,2019020712,D. Hamilton,CAR,D,5,0,0,0,0.0,0.0
8476958,2019020712,J. Slavin,CAR,D,1,0,0,0,1.0,1.0
8477488,2019020712,B. Pesce,CAR,D,2,0,0,0,0.0,2.0
8477845,2019020712,T. van Riemsdyk,CAR,D,1,0,0,0,0.0,0.0
8478399,2019020712,J. Siegenthaler,WSH,D,0,0,0,0,0.0,1.0
8479482,2019020712,M. Kempny,WSH,D,1,0,0,0,0.0,0.0
8465009,2019020727,Z. Chara,BOS,D,1,0,0,0,0.0,0.0
8471677,2019020727,J. Johnson,PIT,D,0,0,0,0,1.0,0.0
8471724,2019020727,K. Letang,PIT,D,2,0,0,0,0.0,2.0
8475186,2019020727,J. Moore,BOS,D,1,0,0,0,0.0,0.0
8476792,2019020727,T. Krug,BOS,D,2,0,0,0,1.0,0.0
8476891,2019020727,M. Grzelcyk,BOS,D,2,0,0,0,1.0,1.0
8477244,2019020727,C. Ruhwedel,PIT,D,2,0,0,0,0.0,0.0
8477969,2019020727,M. Pettersson,PIT,D,1,0,0,0,1.0,1.0
8478443,2019020727,B. Carlo,BOS,D,2,0,0,0,0.0,0.0
8478507,2019020727,J. Marino,PIT,D,0,0,0,0,2.0,2.0
8479325,2019020727,C. McAvoy,BOS,D,2,0,0,0,0.0,1.0
8470600,2019020736,R. Suter,MIN,D,2,1,0,0,0.0,0.0
8474031,2019020736,K. Shattenkirk,TBL,D,2,0,0,0,1.0,0.0
8474151,2019020736,R. McDonagh,TBL,D,1,0,0,0,2.0,1.0
8475167,2019020736,V. Hedman,TBL,D,1,0,0,0,0.0,0.0
8476463,2019020736,J. Brodin,MIN,D,2,0,0,0,1.0,0.0
8476856,2019020736,M. Dumba,MIN,D,2,0,0,0,0.0,1.0
8477369,2019020736,C. Soucy,MIN,D,1,0,0,0,1.0,0.0
8479410,2019020736,M. Sergachev,TBL,D,5,0,0,0,0.0,0.0
8471274,2019020739,A. Goligoski,ARI,D,2,0,0,0,0.0,1.0
8471303,2019020739,A. Edler,VAN,D,0,0,0,0,0.0,2.0
8474218,2019020739,J. Demers,ARI,D,3,0,0,0,0.0,0.0
8474574,2019020739,T. Myers,VAN,D,2,0,0,0,0.0,1.0
8475171,2019020739,O. Ekman-Larsson,ARI,D,2,0,0,0,0.0,0.0
8475690,2019020739,C. Tanev,VAN,D,1,0,0,0,0.0,0.0
8479345,2019020739,J. Chychrun,ARI,D,4,0,0,0,0.0,0.0
8479442,2019020739,T. Stecher,VAN,D,0,0,0,0,1.0,0.0
8480147,2019020739,O. Fantenberg,VAN,D,2,0,0,0,0.0,0.0
8480800,2019020739,Q. Hughes,VAN,D,0,0,0,0,0.0,2.0
8470110,2019020749,T. Daley,DET,D,2,0,0,0,0.0,1.0
8471242,2019020749,M. Green,DET,D,2,0,0,0,0.0,0.0
8471735,2019020749,K. Yandle,FLA,D,1,0,0,0,0.0,0.0
8471873,2019020749,A. Stralman,FLA,D,2,0,0,0,0.0,1.0
8473415,2019020749,A. Biega,DET,D,1,0,0,0,0.0,0.0
8475796,2019020749,M. Pysyk,FLA,D,4,1,0,0,0.0,0.0
8476875,2019020749,M. Matheson,FLA,D,1,0,0,0,0.0,1.0
8477474,2019020749,M. Bowey,DET,D,4,0,0,0,0.0,2.0
8477932,2019020749,A. Ekblad,FLA,D,2,0,0,0,0.0,0.0
8479388,2019020749,R. Stillman,FLA,D,3,0,0,0,0.0,0.0
8479425,2019020749,F. Hronek,DET,D,1,0,0,0,0.0,0.0
8471702,2019020750,M. Niskanen,PHI,D,0,0,0,0,0.0,3.0
8474166,2019020750,A. Martinez,LAK,D,0,0,0,0,1.0,3.0
8474563,2019020750,D. Doughty,LAK,D,3,0,0,0,0.0,0.0
8475762,2019020750,D. Forbort,LAK,D,2,0,0,0,1.0,1.0
8477073,2019020750,K. MacDermid,LAK,D,1,0,0,0,0.0,0.0
8477462,2019020750,R. Hagg,PHI,D,1,0,0,0,0.0,0.0
8477948,2019020750,T. Sanheim,PHI,D,2,0,0,0,0.0,2.0
8478500,2019020750,I. Provorov,PHI,D,2,0,0,0,0.0,1.0
8478911,2019020750,M. Roy,LAK,D,2,0,0,0,0.0,0.0
8479026,2019020750,P. Myers,PHI,D,2,0,0,0,1.0,0.0
8480336,2019020750,S. Walker,LAK,D,4,0,0,0,3.0,0.0
8470613,2019020754,B. Burns,SJS,D,2,0,0,0,0.0,1.0
8471303,2019020754,A. Edler,VAN,D,3,0,0,0,0.0,0.0
8471709,2019020754,M. Vlasic,SJS,D,0,0,0,0,0.0,1.0
8474574,2019020754,T. Myers,VAN,D,4,0,0,0,0.0,0.0
8474578,2019020754,E. Karlsson,SJS,D,1,0,0,0,0.0,0.0
8475690,2019020754,C. Tanev,VAN,D,1,0,0,0,0.0,0.0
8479983,2019020754,M. Ferraro,SJS,D,1,0,0,0,0.0,0.0
8480160,2019020754,R. Simek,SJS,D,0,0,0,0,0.0,1.0
8480800,2019020754,Q. Hughes,VAN,D,3,1,0,0,0.0,1.0
8471677,2019020786,J. Johnson,PIT,D,0,0,0,0,1.0,1.0
8471702,2019020786,M. Niskanen,PHI,D,1,0,0,0,0.0,0.0
8471724,2019020786,K. Letang,PIT,D,2,1,0,0,1.0,2.0
8474602,2019020786,J. Schultz,PIT,D,1,0,0,0,0.0,0.0
8477244,2019020786,C. Ruhwedel,PIT,D,0,0,0,0,0.0,1.0
8477462,2019020786,R. Hagg,PHI,D,1,0,0,0,0.0,0.0
8477948,2019020786,T. Sanheim,PHI,D,3,0,0,0,2.0,0.0
8478500,2019020786,I. Provorov,PHI,D,1,0,0,0,0.0,0.0
8479026,2019020786,P. Myers,PHI,D,1,0,0,0,0.0,0.0
8474166,2019020804,A. Martinez,LAK,D,2,0,0,0,0.0,1.0
8474584,2019020804,M. Del Zotto,ANA,D,1,0,0,0,0.0,0.0
8475762,2019020804,D. Forbort,LAK,D,1,0,0,0,0.0,2.0
8475764,2019020804,C. Fowler,ANA,D,3,0,0,0,0.0,0.0
8475790,2019020804,E. Gudbranson,ANA,D,1,0,0,0,0.0,1.0
8476854,2019020804,H. Lindholm,ANA,D,2,0,0,0,0.0,3.0
8477018,2019020804,B. Hutton,LAK,D,4,0,0,0,0.0,1.0
8477073,2019020804,K. MacDermid,LAK,D,3,0,0,0,0.0,0.0
8478491,2019020804,J. Larsson,ANA,D,1,1,0,0,0.0,1.0
8478911,2019020804,M. Roy,LAK,D,4,0,0,0,0.0,1.0
8480336,2019020804,S. Walker,LAK,D,1,0,0,0,0.0,2.0
8474162,2019020839,J. Muzzin,TOR,D,2,0,0,0,1.0,1.0
8474584,2019020839,M. Del Zotto,ANA,D,0,0,0,0,0.0,2.0
8475197,2019020839,T. Barrie,TOR,D,2,0,0,0,0.0,0.0
8475718,2019020839,J. Holl,TOR,D,3,0,0,0,0.0,2.0
8475764,2019020839,C. Fowler,ANA,D,4,0,0,0,0.0,0.0
8475790,2019020839,E. Gudbranson,ANA,D,1,0,0,0,0.0,0.0
8476312,2019020839,J. Manson,ANA,D,1,0,0,0,0.0,2.0
8476854,2019020839,H. Lindholm,ANA,D,3,0,0,0,1.0,3.0
8478491,2019020839,J. Larsson,ANA,D,2,0,0,0,0.0,0.0
8480873,2019020839,R. Sandin,TOR,D,1,0,0,0,0.0,0.0
8470187,2019020862,J. Boychuk,NYI,D,0,0,0,0,1.0,3.0
8474590,2019020862,J. Carlson,WSH,D,5,1,0,0,3.0,4.0
8475181,2019020862,N. Leddy,NYI,D,3,0,0,0,0.0,0.0
8475200,2019020862,D. Orlov,WSH,D,0,0,0,0,0.0,1.0
8475324,2019020862,N. Jensen,WSH,D,1,0,0,0,0.0,1.0
8476429,2019020862,S. Mayfield,NYI,D,0,0,0,0,0.0,2.0
8477506,2019020862,R. Pulock,NYI,D,6,0,0,0,1.0,1.0
8478038,2019020862,D. Toews,NYI,D,2,1,0,0,0.0,0.0
8478399,2019020862,J. Siegenthaler,WSH,D,1,0,0,0,0.0,1.0
8479482,2019020862,M. Kempny,WSH,D,0,0,0,0,0.0,2.0
8480796,2019020862,M. Fehervary,WSH,D,1,0,0,0,0.0,0.0
8480865,2019020862,N. Dobson,NYI,D,0,0,0,0,2.0,0.0
8475179,2019020872,D. Kulikov,WPG,D,2,0,0,0,2.0,0.0
8475868,2019020872,A. Bitetto,WPG,D,1,0,0,0,0.0,0.0
8476470,2019020872,N. Beaulieu,WPG,D,2,0,0,0,0.0,2.0
8476869,2019020872,B. Skjei,NYR,D,0,0,0,0,1.0,1.0
8476885,2019020872,J. Trouba,NYR,D,4,0,0,0,0.0,3.0
8477950,2019020872,T. DeAngelo,NYR,D,0,0,0,0,1.0,2.0
8478915,2019020872,S. Niku,WPG,D,4,0,0,0,0.0,0.0
8479323,2019020872,A. Fox,NYR,D,1,0,0,0,2.0,2.0
8479324,2019020872,R. Lindgren,NYR,D,2,0,0,0,1.0,0.0
8480145,2019020872,N. Pionk,WPG,D,3,0,0,0,0.0,0.0
8471274,2019020904,A. Goligoski,ARI,D,0,0,0,0,1.0,0.0
8471769,2019020904,N. Hjalmarsson,ARI,D,1,0,0,0,0.0,2.0
8474590,2019020904,J. Carlson,WSH,D,3,0,0,0,0.0,3.0
8475171,2019020904,O. Ekman-Larsson,ARI,D,0,0,0,0,1.0,0.0
8475200,2019020904,D. Orlov,WSH,D,1,0,0,0,0.0,0.0
8475324,2019020904,N. Jensen,WSH,D,1,0,0,0,0.0,0.0
8475462,2019020904,R. Gudas,WSH,D,1,0,0,0,0.0,0.0
8477851,2019020904,J. Oesterle,ARI,D,0,0,0,0,0.0,1.0
8478399,2019020904,J. Siegenthaler,WSH,D,0,0,0,0,0.0,1.0
8479345,2019020904,J. Chychrun,ARI,D,0,0,0,0,0.0,1.0
8479482,2019020904,M. Kempny,WSH,D,4,0,0,0,0.0,0.0
8474581,2019020908,J. Gardiner,CAR,D,1,0,0,0,1.0,0.0
8476441,2019020908,J. Edmundson,CAR,D,0,0,0,0,0.0,1.0
8476457,2019020908,A. Larsson,EDM,D,2,0,0,0,0.0,0.0
8476472,2019020908,O. Klefbom,EDM,D,2,0,0,0,0.0,1.0
8476958,2019020908,J. Slavin,CAR,D,1,0,0,0,0.0,1.0
8477488,2019020908,B. Pesce,CAR,D,1,0,0,0,0.0,0.0
8477845,2019020908,T. van Riemsdyk,CAR,D,2,1,0,0,0.0,0.0
8477938,2019020908,H. Fleury,CAR,D,3,0,0,0,1.0,0.0
8478451,2019020908,E. Bear,EDM,D,3,0,0,0,0.0,1.0
8478452,2019020908,C. Jones,EDM,D,0,0,0,0,0.0,1.0
8470600,2019020946,R. Suter,MIN,D,3,0,0,0,0.0,0.0
8474688,2019020946,G. Pateryn,MIN,D,0,0,0,0,1.0,0.0
8474716,2019020946,J. Spurgeon,MIN,D,6,3,0,0,0.0,0.0
8476457,2019020946,A. Larsson,EDM,D,2,0,0,0,1.0,2.0
8476463,2019020946,J. Brodin,MIN,D,2,0,0,0,0.0,0.0
8476856,2019020946,M. Dumba,MIN,D,2,0,0,0,1.0,1.0
8476988,2019020946,M. Benning,EDM,D,2,0,0,0,0.0,0.0
8477369,2019020946,C. Soucy,MIN,D,1,1,0,0,0.0,1.0
8477498,2019020946,D. Nurse,EDM,D,4,0,0,0,1.0,0.0
8478021,2019020946,W. Lagesson,EDM,D,0,0,0,0,0.0,1.0
8478451,2019020946,E. Bear,EDM,D,2,0,0,0,0.0,2.0
8478452,2019020946,C. Jones,EDM,D,2,0,0,0,0.0,0.0
8471735,2019020957,K. Yandle,FLA,D,2,0,0,0,0.0,0.0
8471873,2019020957,A. Stralman,FLA,D,0,0,0,0,1.0,1.0
8474166,2019020957,A. Martinez,VGK,D,2,0,0,0,0.0,0.0
8474207,2019020957,N. Holden,VGK,D,1,0,0,0,0.0,0.0
8475188,2019020957,B. McNabb,VGK,D,1,0,0,0,1.0,0.0
8475796,2019020957,M. Pysyk,FLA,D,2,0,0,0,1.0,0.0
8477220,2019020957,N. Schmidt,VGK,D,2,0,0,0,1.0,0.0
8477346,2019020957,M. Weegar,FLA,D,1,0,0,0,0.0,0.0
8477447,2019020957,S. Theodore,VGK,D,6,0,0,0,0.0,0.0
8477932,2019020957,A. Ekblad,FLA,D,2,0,0,0,0.0,0.0
8480727,2019020957,Z. Whitecloud,VGK,D,0,0,0,0,2.0,1.0
8475179,2019020960,D. Kulikov,WPG,D,0,0,0,0,0.0,1.0
8475868,2019020960,A. Bitetto,WPG,D,2,0,0,0,0.0,0.0
8476331,2019020960,D. DeMelo,WPG,D,1,0,0,0,0.0,0.0
8476470,2019020960,N. Beaulieu,WPG,D,1,0,0,0,0.0,0.0
8476525,2019020960,C. Miller,BUF,D,1,0,0,0,1.0,1.0
8476931,2019020960,J. McCabe,BUF,D,0,0,0,0,0.0,1.0
8477986,2019020960,B. Montour,BUF,D,0,0,0,0,0.0,2.0
8480035,2019020960,H. Jokiharju,BUF,D,1,0,0,0,0.0,0.0
8480145,2019020960,N. Pionk,WPG,D,1,0,0,0,0.0,0.0
8480839,2019020960,R. Dahlin,BUF,D,1,0,0,0,0.0,0.0
8471735,2019020987,K. Yandle,FLA,D,1,0,0,0,1.0,1.0
8471873,2019020987,A. Stralman,FLA,D,0,0,0,0,0.0,1.0
8475197,2019020987,T. Barrie,TOR,D,2,0,0,0,0.0,1.0
8475716,2019020987,M. Marincin,TOR,D,1,0,0,0,1.0,1.0
8475718,2019020987,J. Holl,TOR,D,1,1,0,0,0.0,1.0
8475796,2019020987,M. Pysyk,FLA,D,1,1,0,0,1.0,1.0
8476875,2019020987,M. Matheson,FLA,D,1,0,0,0,0.0,1.0
8477346,2019020987,M. Weegar,FLA,D,0,0,0,0,0.0,2.0
8477932,2019020987,A. Ekblad,FLA,D,2,0,0,0,0.0,1.0
8480043,2019020987,T. Liljegren,TOR,D,0,0,0,0,0.0,1.0
8480873,2019020987,R. Sandin,TOR,D,1,0,0,0,0.0,0.0
8468493,2019020988,R. Hainsey,OTT,D,0,0,0,0,0.0,1.0
8471303,2019020988,A. Edler,VAN,D,2,0,0,0,0.0,0.0
8474574,2019020988,T. Myers,VAN,D,4,0,0,0,1.0,0.0
8475690,2019020988,C. Tanev,VAN,D,1,0,0,0,0.0,0.0
8476422,2019020988,M. Reilly,OTT,D,1,0,0,0,1.0,3.0
8477971,2019020988,A. Englund,OTT,D,1,0,0,0,1.0,0.0
8478469,2019020988,T. Chabot,OTT,D,1,0,0,0,1.0,1.0
8478868,2019020988,C. Jaros,OTT,D,1,0,0,0,0.0,0.0
8479442,2019020988,T. Stecher,VAN,D,1,0,0,0,0.0,0.0
8479458,2019020988,N. Zaitsev,OTT,D,0,0,0,0,0.0,1.0
8480147,2019020988,O. Fantenberg,VAN,D,2,0,0,0,0.0,1.0
8473446,2019020996,E. Johnson,COL,D,3,0,0,0,1.0,0.0
8474013,2019020996,I. Cole,COL,D,1,0,0,0,0.0,0.0
8474581,2019020996,J. Gardiner,CAR,D,0,0,0,0,0.0,2.0
8476441,2019020996,J. Edmundson,CAR,D,5,0,0,0,1.0,2.0
8476869,2019020996,B. Skjei,CAR,D,1,0,0,0,2.0,0.0
8476958,2019020996,J. Slavin,CAR,D,3,0,0,0,5.0,1.0
8477435,2019020996,R. Graves,COL,D,2,0,0,0,0.0,2.0
8477507,2019020996,N. Zadorov,COL,D,0,0,0,0,1.0,0.0
8477845,2019020996,T. van Riemsdyk,CAR,D,1,0,0,0,0.0,0.0
8477938,2019020996,H. Fleury,CAR,D,4,0,0,0,2.0,0.0
8479398,2019020996,S. Girard,COL,D,3,1,0,0,0.0,0.0
8480069,2019020996,C. Makar,COL,D,1,0,0,0,1.0,1.0
8474166,2019021016,A. Martinez,VGK,D,3,0,0,0,2.0,0.0
8474207,2019021016,N. Holden,VGK,D,0,0,0,0,1.0,1.0
8474563,2019021016,D. Doughty,LAK,D,2,0,0,0,0.0,0.0
8475188,2019021016,B. McNabb,VGK,D,3,0,0,0,0.0,0.0
8477018,2019021016,B. Hutton,LAK,D,0,0,0,0,1.0,2.0
8477220,2019021016,N. Schmidt,VGK,D,4,0,0,0,0.0,0.0
8477447,2019021016,S. Theodore,VGK,D,5,1,0,0,2.0,0.0
8480336,2019021016,S. Walker,LAK,D,1,0,0,0,1.0,0.0
8480727,2019021016,Z. Whitecloud,VGK,D,2,0,0,0,1.0,0.0
8468493,2019021022,R. Hainsey,OTT,D,3,0,0,0,0.0,0.0
8471677,2019021022,J. Johnson,PIT,D,1,0,0,0,0.0,0.0
8471724,2019021022,K. Letang,PIT,D,2,0,0,0,0.0,1.0
8474602,2019021022,J. Schultz,PIT,D,0,0,0,0,1.0,0.0
8476422,2019021022,M. Reilly,OTT,D,1,0,0,0,0.0,0.0
8477969,2019021022,M. Pettersson,PIT,D,1,0,0,0,0.0,1.0
8477971,2019021022,A. Englund,OTT,D,2,0,0,0,0.0,0.0
8478469,2019021022,T. Chabot,OTT,D,1,0,0,0,1.0,0.0
8478507,2019021022,J. Marino,PIT,D,1,1,0,0,2.0,0.0
8478868,2019021022,C. Jaros,OTT,D,1,0,0,0,0.0,0.0
8479458,2019021022,N. Zaitsev,OTT,D,0,0,0,0,0.0,1.0
8470613,2019021028,B. Burns,SJS,D,2,0,0,0,1.0,0.0
8471709,2019021028,M. Vlasic,SJS,D,1,0,0,0,1.0,2.0
8475197,2019021028,T. Barrie,TOR,D,1,0,0,0,0.0,0.0
8475716,2019021028,M. Marincin,TOR,D,2,0,0,0,0.0,0.0
8475718,2019021028,J. Holl,TOR,D,1,0,0,0,0.0,1.0
8475841,2019021028,T. Heed,SJS,D,1,0,0,0,0.0,1.0
8475869,2019021028,B. Davidson,SJS,D,1,0,0,0,1.0,2.0
8478408,2019021028,T. Dermott,TOR,D,1,0,0,0,1.0,0.0
8479983,2019021028,M. Ferraro,SJS,D,3,0,0,0,0.0,0.0
8480157,2019021028,C. Rosen,TOR,D,1,0,0,0,0.0,2.0
8480160,2019021028,R. Simek,SJS,D,4,1,0,0,2.0,0.0
8470601,2019021034,B. Coburn,TBL,D,1,0,0,0,0.0,0.0
8473507,2019021034,J. Petry,MTL,D,3,0,0,0,0.0,0.0
8474031,2019021034,K. Shattenkirk,TBL,D,2,0,0,0,1.0,0.0
8474567,2019021034,Z. Bogosian,TBL,D,2,0,0,0,0.0,0.0
8475167,2019021034,V. Hedman,TBL,D,4,2,0,0,0.0,0.0
8475279,2019021034,B. Chiarot,MTL,D,1,0,0,0,0.0,0.0
8476967,2019021034,B. Kulak,MTL,D,2,0,0,0,1.0,0.0
8477850,2019021034,C. Folin,MTL,D,0,0,0,0,0.0,1.0
8478416,2019021034,E. Cernak,TBL,D,0,0,0,0,1.0,0.0
8468493,2019021038,R. Hainsey,OTT,D,0,0,0,0,0.0,1.0
8472382,2019021038,A. Greene,NYI,D,1,0,0,0,1.0,2.0
8475181,2019021038,N. Leddy,NYI,D,0,0,0,0,0.0,2.0
8476422,2019021038,M. Reilly,OTT,D,3,0,0,0,0.0,1.0
8476429,2019021038,S. Mayfield,NYI,D,2,0,0,0,1.0,0.0
8477506,2019021038,R. Pulock,NYI,D,6,1,0,0,0.0,1.0
8477971,2019021038,A. Englund,OTT,D,0,0,0,0,1.0,0.0
8478038,2019021038,D. Toews,NYI,D,1,0,0,0,0.0,1.0
8478469,2019021038,T. Chabot,OTT,D,4,0,0,0,0.0,2.0
8479458,2019021038,N. Zaitsev,OTT,D,4,0,0,0,1.0,3.0
8480865,2019021038,N. Dobson,NYI,D,2,0,0,0,0.0,0.0
8474563,2019021041,D. Doughty,LAK,D,2,0,0,0,1.0,2.0
8475197,2019021041,T. Barrie,TOR,D,3,0,0,0,0.0,1.0
8475716,2019021041,M. Marincin,TOR,D,2,0,0,0,0.0,0.0
8475718,2019021041,J. Holl,TOR,D,0,0,0,0,1.0,0.0
8477018,2019021041,B. Hutton,LAK,D,3,0,0,0,0.0,0.0
8477073,2019021041,K. MacDermid,LAK,D,0,0,0,0,0.0,1.0
8478408,2019021041,T. Dermott,TOR,D,1,0,0,0,0.0,0.0
8478911,2019021041,M. Roy,LAK,D,1,0,0,0,0.0,0.0
8480336,2019021041,S. Walker,LAK,D,4,0,0,0,0.0,2.0
8480873,2019021041,R. Sandin,TOR,D,1,0,0,0,0.0,0.0
8470966,2019021046,M. Giordano,CGY,D,3,0,0,0,1.0,1.0
8471274,2019021046,A. Goligoski,ARI,D,1,0,0,0,1.0,0.0
8471769,2019021046,N. Hjalmarsson,ARI,D,2,0,0,0,1.0,0.0
8474218,2019021046,J. Demers,ARI,D,1,0,0,0,0.0,1.0
8474673,2019021046,T. Brodie,CGY,D,1,1,0,0,1.0,2.0
8475171,2019021046,O. Ekman-Larsson,ARI,D,0,0,0,0,2.0,3.0
8475762,2019021046,D. Forbort,CGY,D,0,0,0,0,0.0,2.0
8476979,2019021046,E. Gustafsson,CGY,D,1,0,0,0,0.0,1.0
8477851,2019021046,J. Oesterle,ARI,D,1,0,0,0,1.0,1.0
8478396,2019021046,N. Hanifin,CGY,D,0,0,0,0,2.0,2.0
8478397,2019021046,R. Andersson,CGY,D,2,0,0,0,0.0,2.0
8480950,2019021046,I. Lyubushkin,ARI,D,1,0,0,0,1.0,0.0
8470600,2019021052,R. Suter,MIN,D,1,0,0,0,0.0,3.0
8474563,2019021052,D. Doughty,LAK,D,3,0,0,0,0.0,1.0
8474688,2019021052,G. Pateryn,MIN,D,2,0,0,0,0.0,1.0
8474716,2019021052,J. Spurgeon,MIN,D,2,1,0,0,0.0,0.0
8476463,2019021052,J. Brodin,MIN,D,1,0,0,0,0.0,0.0
8477018,2019021052,B. Hutton,LAK,D,3,0,0,0,0.0,1.0
8478911,2019021052,M. Roy,LAK,D,2,0,0,0,0.0,0.0
8479998,2019021052,M. Anderson,LAK,D,4,0,0,0,0.0,0.0
8471702,2019021056,M. Niskanen,PHI,D,0,0,0,0,0.0,1.0
8474027,2019021056,J. Braun,PHI,D,0,0,0,0,0.0,2.0
8476525,2019021056,C. Miller,BUF,D,1,0,0,0,0.0,0.0
8476931,2019021056,J. McCabe,BUF,D,1,0,0,0,1.0,1.0
8477462,2019021056,R. Hagg,PHI,D,1,0,0,0,0.0,0.0
8477499,2019021056,R. Ristolainen,BUF,D,3,0,0,0,0.0,0.0
8477948,2019021056,T. Sanheim,PHI,D,1,0,0,0,1.0,0.0
8477986,2019021056,B. Montour,BUF,D,0,0,0,0,0.0,1.0
8478500,2019021056,I. Provorov,PHI,D,0,0,0,0,1.0,1.0
8480035,2019021056,H. Jokiharju,BUF,D,2,0,0,0,0.0,4.0
8480839,2019021056,R. Dahlin,BUF,D,4,0,0,0,1.0,3.0
8470318,2019021060,J. Ericsson,DET,D,1,0,0,0,0.0,1.0
8473415,2019021060,A. Biega,DET,D,1,0,0,0,0.0,3.0
8474151,2019021060,R. McDonagh,TBL,D,1,0,0,0,0.0,1.0
8474567,2019021060,Z. Bogosian,TBL,D,1,0,0,0,0.0,1.0
8474568,2019021060,L. Schenn,TBL,D,3,0,0,0,0.0,0.0
8475747,2019021060,P. Nemeth,DET,D,2,0,0,0,0.0,0.0
8478416,2019021060,E. Cernak,TBL,D,3,0,0,0,0.0,0.0
8479410,2019021060,M. Sergachev,TBL,D,2,0,0,0,0.0,0.0
8479425,2019021060,F. Hronek,DET,D,2,0,0,0,0.0,2.0
8480184,2019021060,G. Lindstrom,DET,D,0,0,0,0,1.0,0.0
8471303,2019021077,A. Edler,VAN,D,3,0,0,0,0.0,2.0
8472382,2019021077,A. Greene,NYI,D,1,0,0,0,0.0,0.0
8474574,2019021077,T. Myers,VAN,D,4,0,0,0,1.0,0.0
8475181,2019021077,N. Leddy,NYI,D,1,0,0,0,0.0,1.0
8475690,2019021077,C. Tanev,VAN,D,1,0,0,0,0.0,2.0
8476429,2019021077,S. Mayfield,NYI,D,1,0,0,0,0.0,1.0
8477506,2019021077,R. Pulock,NYI,D,6,0,0,0,0.0,0.0
8478038,2019021077,D. Toews,NYI,D,4,0,0,0,0.0,0.0
8479442,2019021077,T. Stecher,VAN,D,2,0,0,0,0.0,0.0
8480147,2019021077,O. Fantenberg,VAN,D,1,0,0,0,0.0,0.0
8480800,2019021077,Q. Hughes,VAN,D,2,0,0,0,1.0,1.0
8480865,2019021077,N. Dobson,NYI,D,1,0,0,0,0.0,1.0
8474027,2019030001,J. Braun,PHI,D,1,0,0,0,1.0,1.0
8476792,2019030001,T. Krug,BOS,D,2,0,0,0,0.0,0.0
8476891,2019030001,M. Grzelcyk,BOS,D,0,0,0,0,0.0,1.0
8477462,2019030001,R. Hagg,PHI,D,1,0,0,0,1.0,0.0
8477948,2019030001,T. Sanheim,PHI,D,1,0,0,0,0.0,1.0
8478443,2019030001,B. Carlo,BOS,D,1,0,0,0,0.0,1.0
8478500,2019030001,I. Provorov,PHI,D,1,0,0,0,0.0,2.0
8479026,2019030001,P. Myers,PHI,D,5,1,0,0,0.0,0.0
8479325,2019030001,C. McAvoy,BOS,D,2,0,0,0,0.0,2.0
8474031,2019030002,K. Shattenkirk,TBL,D,2,0,0,0,0.0,0.0
8474151,2019030002,R. McDonagh,TBL,D,2,0,0,0,0.0,0.0
8474567,2019030002,Z. Bogosian,TBL,D,3,0,0,0,0.0,1.0
8475167,2019030002,V. Hedman,TBL,D,3,0,0,0,0.0,0.0
8475200,2019030002,D. Orlov,WSH,D,2,0,0,0,0.0,0.0
8475324,2019030002,N. Jensen,WSH,D,2,0,0,0,0.0,3.0
8475455,2019030002,B. Dillon,WSH,D,2,0,0,0,0.0,0.0
8475462,2019030002,R. Gudas,WSH,D,1,0,0,0,0.0,1.0
8478399,2019030002,J. Siegenthaler,WSH,D,2,0,0,0,0.0,1.0
8479410,2019030002,M. Sergachev,TBL,D,3,0,0,0,0.0,0.0
8479482,2019030002,M. Kempny,WSH,D,3,0,0,0,0.0,0.0
