player_id,game_id,shots,goals
8471215,2019020007,4,1
8471675,2019020007,1,0
8471677,2019020007,1,0
8471724,2019020007,4,0
8471743,2019020007,1,0
8471887,2019020007,2,0
8473449,2019020007,1,0
8474602,2019020007,6,0
8474618,2019020007,2,0
8475208,2019020007,1,0
8475728,2019020007,2,0
8475784,2019020007,5,0
8476525,2019020007,2,0
8476851,2019020007,1,0
8476878,2019020007,3,0
8476918,2019020007,2,0
8476931,2019020007,2,0
8477499,2019020007,5,0
8477839,2019020007,3,2
8477933,2019020007,2,0
8477955,2019020007,2,0
8477969,2019020007,2,0
8478109,2019020007,2,0
8478403,2019020007,4,0
8478866,2019020007,1,0
8479293,2019020007,3,0
8479944,2019020007,1,0
8479999,2019020007,2,0
8480839,2019020007,3,1
8471735,2019020021,1,0
8471873,2019020021,1,0
8474031,2019020021,5,0
8474034,2019020021,4,0
8474098,2019020021,1,0
8474149,2019020021,3,0
8474151,2019020021,1,0
8474564,2019020021,4,1
8474722,2019020021,2,0
8474870,2019020021,1,0
8474884,2019020021,4,3
8476389,2019020021,3,0
8476453,2019020021,3,0
8476456,2019020021,1,0
8476826,2019020021,4,0
8476875,2019020021,1,0
8476966,2019020021,1,1
8477346,2019020021,2,0
8477409,2019020021,3,0
8477493,2019020021,2,0
8477932,2019020021,3,0
8477963,2019020021,1,0
8478211,2019020021,1,0
8478366,2019020021,2,0
8478416,2019020021,1,0
8478472,2019020021,2,1
8478519,2019020021,2,0
8478569,2019020021,2,1
8479410,2019020021,2,0
8471214,2019020023,7,0
8471698,2019020023,3,1
8473533,2019020023,1,0
8473563,2019020023,2,0
8474176,2019020023,1,0
8474581,2019020023,2,1
8474590,2019020023,4,0
8475200,2019020023,1,0
8475209,2019020023,1,0
8475287,2019020023,1,1
8475324,2019020023,2,0
8475462,2019020023,1,0
8475799,2019020023,2,0
8476288,2019020023,1,0
8476441,2019020023,2,0
8476462,2019020023,1,0
8476880,2019020023,3,0
8476894,2019020023,3,0
8476934,2019020023,3,0
8476958,2019020023,2,1
8477488,2019020023,1,0
8477903,2019020023,2,1
8477938,2019020023,1,0
8477944,2019020023,1,0
8477998,2019020023,1,0
8478427,2019020023,5,0
8480039,2019020023,2,0
8480796,2019020023,3,0
8480830,2019020023,3,0
8473533,2019020031,2,0
8473986,2019020031,2,0
8474031,2019020031,1,1
8474151,2019020031,1,0
8474564,2019020031,3,1
8474581,2019020031,2,0
8474870,2019020031,2,1
8475167,2019020031,1,0
8475287,2019020031,3,1
8475799,2019020031,4,0
8476288,2019020031,1,0
8476292,2019020031,1,0
8476441,2019020031,1,0
8476462,2019020031,3,1
8476882,2019020031,3,0
8476934,2019020031,1,0
8476958,2019020031,4,1
8477488,2019020031,3,1
8477938,2019020031,2,0
8477998,2019020031,4,0
8478027,2019020031,2,0
8478427,2019020031,4,0
8478519,2019020031,1,0
8479410,2019020031,1,0
8480039,2019020031,2,0
8480830,2019020031,3,0
8473422,2019020068,1,0
8473533,2019020068,3,0
8474062,2019020068,1,0
8474581,2019020068,3,0
8474679,2019020068,2,0
8474715,2019020068,7,0
8475233,2019020068,1,0
8475287,2019020068,2,1
8475799,2019020068,2,0
8476288,2019020068,1,0
8476441,2019020068,1,0
8476462,2019020068,5,1
8476850,2019020068,2,0
8476934,2019020068,1,0
8476958,2019020068,2,0
8477416,2019020068,2,1
8477488,2019020068,3,0
8477495,2019020068,2,0
8477505,2019020068,2,0
8477938,2019020068,1,0
8477947,2019020068,2,0
8477998,2019020068,2,0
8478027,2019020068,1,0
8478427,2019020068,2,0
8478460,2019020068,3,0
8478882,2019020068,2,0
8478906,2019020068,2,1
8479400,2019020068,3,1
8480039,2019020068,1,0
8480074,2019020068,1,0
8480205,2019020068,1,0
8480830,2019020068,2,0
8481650,2019020068,1,0
8470601,2019020086,1,1
8470642,2019020086,1,0
8470775,2019020086,1,0
8473507,2019020086,6,1
8474031,2019020086,2,0
8474034,2019020086,3,0
8474151,2019020086,1,0
8474564,2019020086,1,1
8474870,2019020086,2,1
8475167,2019020086,1,0
8475193,2019020086,3,0
8475279,2019020086,3,0
8475738,2019020086,3,0
8475848,2019020086,2,0
8476292,2019020086,1,0
8476453,2019020086,1,0
8476469,2019020086,1,0
8476479,2019020086,1,0
8476826,2019020086,2,0
8477409,2019020086,1,0
8477476,2019020086,3,0
8477494,2019020086,3,0
8477503,2019020086,5,0
8478010,2019020086,1,0
8478472,2019020086,1,0
8478519,2019020086,1,0
8479376,2019020086,1,0
8479410,2019020086,3,0
8480829,2019020086,1,0
8470755,2019020087,3,0
8471218,2019020087,5,0
8471274,2019020087,1,0
8473548,2019020087,6,0
8473618,2019020087,1,0
8474218,2019020087,2,0
8475171,2019020087,1,0
8475179,2019020087,2,0
8475268,2019020087,1,0
8475868,2019020087,2,0
8476392,2019020087,3,0
8476460,2019020087,5,1
8476994,2019020087,3,0
8477429,2019020087,1,0
8477472,2019020087,3,0
8477504,2019020087,5,0
8477851,2019020087,2,0
8477940,2019020087,3,0
8477951,2019020087,1,1
8477989,2019020087,2,2
8478398,2019020087,2,1
8478432,2019020087,3,0
8478458,2019020087,3,0
8478476,2019020087,3,0
8478856,2019020087,2,1
8479339,2019020087,2,0
8479343,2019020087,3,0
8479345,2019020087,3,0
8480145,2019020087,2,0
8466138,2019020097,1,0
8466139,2019020097,1,0
8473533,2019020097,2,0
8474581,2019020097,1,0
8475169,2019020097,5,3
8475287,2019020097,5,1
8475455,2019020097,1,0
8475799,2019020097,3,0
8475834,2019020097,1,0
8476288,2019020097,1,0
8476462,2019020097,4,1
8476624,2019020097,4,1
8476881,2019020097,2,1
8476882,2019020097,3,0
8476934,2019020097,2,0
8476958,2019020097,2,0
8477488,2019020097,3,0
8477922,2019020097,1,0
8477938,2019020097,3,0
8477998,2019020097,3,0
8478414,2019020097,4,0
8478427,2019020097,2,0
8479983,2019020097,1,0
8480039,2019020097,1,0
8480780,2019020097,1,0
8480830,2019020097,3,0
8470047,2019020111,1,0
8470110,2019020111,2,0
8470144,2019020111,1,0
8471242,2019020111,3,1
8471707,2019020111,4,1
8471729,2019020111,1,0
8471794,2019020111,2,0
8475163,2019020111,3,0
8475178,2019020111,1,0
8475430,2019020111,1,0
8475747,2019020111,3,0
8475772,2019020111,1,0
8476326,2019020111,1,0
8476430,2019020111,1,0
8476454,2019020111,2,0
8476472,2019020111,3,0
8476960,2019020111,3,0
8476988,2019020111,2,0
8477215,2019020111,2,0
8477498,2019020111,5,0
8477511,2019020111,2,0
8477934,2019020111,2,0
8477946,2019020111,4,0
8478402,2019020111,4,0
8478451,2019020111,4,1
8479425,2019020111,2,0
8479466,2019020111,2,0
8481433,2019020111,1,0
8469459,2019020125,1,0
8470595,2019020125,4,0
8470600,2019020125,1,0
8470610,2019020125,2,1
8470642,2019020125,4,0
8473507,2019020125,5,0
8474716,2019020125,6,0
8475193,2019020125,4,1
8475220,2019020125,2,1
8475254,2019020125,1,0
8475279,2019020125,2,0
8475722,2019020125,2,1
8475738,2019020125,1,0
8475848,2019020125,2,0
8476393,2019020125,2,0
8476479,2019020125,3,2
8476779,2019020125,2,1
8476967,2019020125,2,0
8477369,2019020125,3,0
8477451,2019020125,1,0
8477476,2019020125,1,0
8477503,2019020125,2,0
8477942,2019020125,1,0
8478413,2019020125,2,0
8479316,2019020125,4,0
8479376,2019020125,1,0
8479933,2019020125,1,0
8479985,2019020125,2,0
8480018,2019020125,1,0
8480829,2019020125,1,0
8468674,2019020130,3,0
8471669,2019020130,2,0
8471702,2019020130,5,1
8473512,2019020130,4,0
8474037,2019020130,3,0
8474157,2019020130,3,0
8474161,2019020130,2,0
8475191,2019020130,5,1
8475204,2019020130,1,0
8475763,2019020130,4,1
8476448,2019020130,3,0
8476539,2019020130,7,1
8476906,2019020130,1,0
8476987,2019020130,2,0
8477290,2019020130,2,1
8477447,2019020130,2,0
8477462,2019020130,2,0
8477478,2019020130,3,0
8477931,2019020130,3,0
8477948,2019020130,3,0
8478067,2019020130,4,1
8478439,2019020130,2,1
8478500,2019020130,1,1
8478844,2019020130,1,0
8479996,2019020130,1,0
8480797,2019020130,3,0
8471743,2019020147,4,1
8473449,2019020147,2,0
8474618,2019020147,2,1
8475184,2019020147,2,1
8475735,2019020147,1,0
8475855,2019020147,1,0
8476458,2019020147,2,2
8476459,2019020147,2,0
8476525,2019020147,2,0
8476869,2019020147,3,0
8476878,2019020147,2,0
8476885,2019020147,4,0
8476918,2019020147,1,0
8476931,2019020147,2,0
8477402,2019020147,4,0
8477499,2019020147,1,0
8477839,2019020147,3,0
8477933,2019020147,2,0
8477950,2019020147,1,1
8478109,2019020147,3,0
8478403,2019020147,4,0
8478550,2019020147,2,1
8479353,2019020147,2,1
8479999,2019020147,1,0
8480035,2019020147,1,0
8480839,2019020147,3,0
8469454,2019020149,3,0
8470151,2019020149,2,0
8470257,2019020149,2,0
8470604,2019020149,4,1
8470606,2019020149,2,0
8473453,2019020149,1,0
8474102,2019020149,2,0
8474563,2019020149,3,0
8474565,2019020149,2,1
8475098,2019020149,3,0
8475158,2019020149,1,0
8475160,2019020149,1,0
8475170,2019020149,2,2
8475726,2019020149,1,0
8475753,2019020149,6,0
8475765,2019020149,2,0
8476892,2019020149,2,0
8476907,2019020149,3,0
8477018,2019020149,5,0
8477073,2019020149,1,0
8477482,2019020149,4,0
8477960,2019020149,3,0
8477964,2019020149,1,0
8478020,2019020149,2,0
8478407,2019020149,1,1
8478455,2019020149,4,0
8478911,2019020149,1,0
8480023,2019020149,2,1
8480113,2019020149,3,1
8481481,2019020149,1,0
8471214,2019020154,9,2
8471698,2019020154,1,0
8471707,2019020154,3,0
8471729,2019020154,1,0
8473563,2019020154,1,0
8474040,2019020154,3,0
8474176,2019020154,1,0
8474590,2019020154,3,0
8475163,2019020154,2,0
8475178,2019020154,3,0
8475343,2019020154,1,0
8475430,2019020154,2,0
8475462,2019020154,2,0
8475744,2019020154,1,0
8475772,2019020154,1,0
8476326,2019020154,1,0
8476454,2019020154,3,0
8476472,2019020154,3,0
8476905,2019020154,2,0
8476988,2019020154,1,0
8477498,2019020154,6,1
8477903,2019020154,4,0
8477934,2019020154,5,2
8477944,2019020154,3,1
8478402,2019020154,4,1
8478451,2019020154,2,0
8470281,2019020161,1,0
8470607,2019020161,1,0
8473533,2019020161,3,1
8473604,2019020161,1,0
8474141,2019020161,3,0
8474581,2019020161,2,0
8475177,2019020161,3,0
8475287,2019020161,2,0
8475799,2019020161,3,1
8476288,2019020161,1,0
8476381,2019020161,1,0
8476438,2019020161,1,0
8476441,2019020161,1,0
8476462,2019020161,1,0
8476874,2019020161,2,0
8476882,2019020161,3,0
8476886,2019020161,1,0
8476934,2019020161,2,0
8476958,2019020161,2,0
8476979,2019020161,3,0
8477330,2019020161,1,0
8477998,2019020161,3,0
8478427,2019020161,3,0
8478440,2019020161,2,0
8479337,2019020161,2,0
8479423,2019020161,4,0
8480039,2019020161,1,0
8480144,2019020161,2,0
8480830,2019020161,4,2
8481523,2019020161,4,0
8465009,2019020162,1,0
8470151,2019020162,1,0
8470257,2019020162,2,0
8470638,2019020162,5,0
8473419,2019020162,2,0
8474102,2019020162,2,0
8474565,2019020162,3,0
8475098,2019020162,1,0
8475158,2019020162,3,0
8475753,2019020162,2,0
8475768,2019020162,3,0
8475780,2019020162,2,0
8475807,2019020162,2,0
8476792,2019020162,1,0
8476891,2019020162,1,0
8476892,2019020162,4,0
8476897,2019020162,1,0
8477365,2019020162,1,0
8477956,2019020162,3,1
8478075,2019020162,3,1
8478407,2019020162,3,0
8478443,2019020162,2,1
8479325,2019020162,1,0
8480023,2019020162,1,0
8465009,2019020179,1,0
8470613,2019020179,3,1
8470638,2019020179,2,0
8470655,2019020179,3,0
8471276,2019020179,3,1
8473419,2019020179,5,0
8474053,2019020179,2,0
8474578,2019020179,1,0
8475169,2019020179,2,0
8475455,2019020179,1,0
8475745,2019020179,7,1
8475780,2019020179,3,1
8475834,2019020179,1,0
8476374,2019020179,2,0
8476439,2019020179,1,0
8476792,2019020179,3,0
8476881,2019020179,3,0
8476891,2019020179,1,0
8477365,2019020179,1,0
8477956,2019020179,3,1
8478075,2019020179,1,0
8478414,2019020179,4,0
8478443,2019020179,2,1
8478498,2019020179,3,0
8470047,2019020184,1,0
8470110,2019020184,1,0
8470144,2019020184,1,0
8471242,2019020184,2,0
8471707,2019020184,3,0
8471729,2019020184,1,0
8471794,2019020184,1,0
8474040,2019020184,2,0
8475178,2019020184,2,0
8475747,2019020184,2,1
8476430,2019020184,1,0
8476454,2019020184,6,0
8476472,2019020184,2,0
8476915,2019020184,3,0
8476960,2019020184,2,0
8477455,2019020184,2,0
8477498,2019020184,3,0
8477511,2019020184,2,0
8477934,2019020184,3,1
8477946,2019020184,7,1
8478036,2019020184,1,0
8478176,2019020184,1,0
8478402,2019020184,3,0
8478451,2019020184,1,0
8479425,2019020184,4,1
8479466,2019020184,1,0
8481433,2019020184,1,0
8481813,2019020184,1,0
8469465,2019020185,2,0
8470281,2019020185,3,0
8473604,2019020185,1,0
8474009,2019020185,9,3
8474068,2019020185,1,0
8474141,2019020185,2,0
8474600,2019020185,5,0
8475176,2019020185,1,0
8475218,2019020185,3,0
8475225,2019020185,5,0
8475625,2019020185,1,0
8475714,2019020185,4,0
8475793,2019020185,4,0
8475798,2019020185,7,0
8476428,2019020185,2,0
8476438,2019020185,1,0
8476447,2019020185,1,0
8476874,2019020185,4,0
8476886,2019020185,1,0
8476925,2019020185,2,0
8476979,2019020185,1,0
8478042,2019020185,4,0
8478440,2019020185,1,0
8479337,2019020185,2,0
8480144,2019020185,3,0
8481523,2019020185,1,0
8470642,2019020192,3,1
8470775,2019020192,2,0
8471262,2019020192,2,0
8471274,2019020192,5,0
8473507,2019020192,4,0
8473548,2019020192,2,0
8474038,2019020192,1,0
8474613,2019020192,2,0
8475193,2019020192,1,0
8475279,2019020192,1,0
8475848,2019020192,4,1
8476393,2019020192,2,1
8476422,2019020192,1,0
8476469,2019020192,2,0
8476479,2019020192,1,0
8476994,2019020192,1,0
8477476,2019020192,1,0
8477494,2019020192,3,1
8477503,2019020192,2,0
8477989,2019020192,2,0
8478432,2019020192,2,0
8478474,2019020192,1,0
8478856,2019020192,6,0
8479343,2019020192,1,0
8479345,2019020192,5,1
8479376,2019020192,2,0
8479985,2019020192,1,0
8480018,2019020192,2,0
8480829,2019020192,3,0
8480849,2019020192,1,0
8480950,2019020192,3,0
8470604,2019020193,4,2
8470606,2019020193,1,0
8471303,2019020193,3,0
8471685,2019020193,2,0
8473453,2019020193,3,0
8474091,2019020193,6,0
8474166,2019020193,1,0
8474291,2019020193,1,0
8474563,2019020193,2,0
8474574,2019020193,3,0
8474818,2019020193,3,0
8475160,2019020193,2,0
8475690,2019020193,2,0
8476410,2019020193,2,0
8476468,2019020193,3,0
8476871,2019020193,4,0
8476947,2019020193,1,0
8477073,2019020193,2,0
8477213,2019020193,1,0
8477500,2019020193,6,1
8477937,2019020193,3,0
8477960,2019020193,1,1
8478444,2019020193,7,3
8478455,2019020193,1,0
8478911,2019020193,1,0
8479336,2019020193,1,0
8480012,2019020193,5,1
8480113,2019020193,2,0
8470187,2019020197,3,0
8473504,2019020197,1,0
8473544,2019020197,5,1
8473986,2019020197,2,0
8474031,2019020197,6,0
8474151,2019020197,1,1
8474564,2019020197,2,0
8474568,2019020197,1,0
8474573,2019020197,1,1
8475181,2019020197,1,0
8475231,2019020197,1,0
8475314,2019020197,4,1
8476292,2019020197,3,0
8476429,2019020197,1,0
8476453,2019020197,2,0
8476826,2019020197,2,1
8476975,2019020197,1,0
8477506,2019020197,1,1
8477936,2019020197,1,0
8478010,2019020197,2,0
8478038,2019020197,3,0
8478367,2019020197,2,0
8478416,2019020197,4,0
8478445,2019020197,2,1
8478472,2019020197,2,0
8478519,2019020197,1,0
8479410,2019020197,3,0
8480172,2019020197,2,0
8480186,2019020197,1,0
8470047,2019020222,1,0
8470144,2019020222,2,0
8473415,2019020222,1,0
8474009,2019020222,1,1
8474068,2019020222,2,1
8474134,2019020222,1,0
8474600,2019020222,2,0
8475168,2019020222,6,2
8475714,2019020222,2,0
8475747,2019020222,1,0
8475766,2019020222,1,0
8475793,2019020222,4,0
8475798,2019020222,2,0
8476887,2019020222,2,1
8476925,2019020222,1,1
8476960,2019020222,3,1
8477454,2019020222,1,0
8477455,2019020222,1,0
8477474,2019020222,2,0
8477479,2019020222,2,0
8477511,2019020222,2,0
8477943,2019020222,1,0
8477946,2019020222,2,0
8478042,2019020222,1,0
8479371,2019020222,1,0
8479395,2019020222,3,0
8479425,2019020222,2,0
8469454,2019020228,2,0
8471685,2019020228,2,0
8473453,2019020228,1,0
8474162,2019020228,1,0
8474166,2019020228,2,0
8474563,2019020228,5,0
8475166,2019020228,2,0
8475197,2019020228,1,0
8475718,2019020228,1,0
8475726,2019020228,2,0
8476853,2019020228,3,0
8477018,2019020228,3,0
8477021,2019020228,1,1
8477341,2019020228,2,0
8477464,2019020228,2,0
8477939,2019020228,1,1
8478020,2019020228,1,0
8478408,2019020228,2,0
8478483,2019020228,1,0
8478911,2019020228,1,0
8479318,2019020228,2,1
8479336,2019020228,2,0
8479675,2019020228,2,0
8480113,2019020228,2,1
8480336,2019020228,2,0
8481624,2019020228,2,0
8469454,2019020242,1,0
8470604,2019020242,4,0
8470606,2019020242,4,1
8473453,2019020242,1,0
8473573,2019020242,4,1
8474166,2019020242,1,0
8474563,2019020242,2,0
8474589,2019020242,1,0
8474697,2019020242,1,0
8475160,2019020242,1,0
8475726,2019020242,5,1
8476331,2019020242,2,0
8476419,2019020242,3,1
8476480,2019020242,4,0
8476919,2019020242,3,0
8477015,2019020242,3,0
8477018,2019020242,3,0
8477073,2019020242,1,0
8477407,2019020242,2,1
8477426,2019020242,2,0
8477960,2019020242,1,0
8478455,2019020242,1,0
8478469,2019020242,3,0
8478488,2019020242,1,0
8478911,2019020242,2,0
8479458,2019020242,1,0
8480113,2019020242,1,0
8480247,2019020242,2,0
8480801,2019020242,1,0
8470187,2019020252,2,0
8470619,2019020252,1,0
8471735,2019020252,1,0
8471873,2019020252,1,0
8473504,2019020252,4,0
8473544,2019020252,2,0
8474098,2019020252,1,0
8474149,2019020252,1,0
8474573,2019020252,2,0
8474586,2019020252,4,0
8474884,2019020252,2,0
8475181,2019020252,1,0
8475314,2019020252,3,0
8475754,2019020252,1,0
8475792,2019020252,2,0
8475796,2019020252,1,0
8476429,2019020252,4,1
8476456,2019020252,3,0
8476875,2019020252,4,0
8477346,2019020252,1,0
8477493,2019020252,9,1
8477506,2019020252,3,0
8477932,2019020252,5,0
8477936,2019020252,1,0
8478038,2019020252,1,0
8478211,2019020252,1,0
8478366,2019020252,4,0
8478367,2019020252,1,0
8478445,2019020252,5,1
8478463,2019020252,2,0
8478843,2019020252,1,0
8471233,2019020265,1,0
8471303,2019020265,1,0
8474056,2019020265,1,0
8474091,2019020265,2,0
8474190,2019020265,2,1
8474574,2019020265,1,0
8474818,2019020265,1,0
8475151,2019020265,3,0
8475791,2019020265,8,0
8476410,2019020265,1,0
8476468,2019020265,2,0
8476807,2019020265,1,0
8476871,2019020265,5,0
8477038,2019020265,2,0
8477213,2019020265,3,0
8477355,2019020265,1,0
8477425,2019020265,1,0
8477500,2019020265,3,0
8478401,2019020265,1,0
8478444,2019020265,3,1
8478874,2019020265,3,0
8479291,2019020265,2,0
8479407,2019020265,1,1
8479442,2019020265,1,0
8480012,2019020265,2,0
8480800,2019020265,3,0
8481559,2019020265,3,0
8465009,2019020267,3,0
8470638,2019020267,2,0
8471702,2019020267,3,0
8473419,2019020267,3,1
8473512,2019020267,2,0
8474027,2019020267,2,0
8474037,2019020267,2,0
8475752,2019020267,1,0
8475763,2019020267,2,0
8475780,2019020267,1,0
8476374,2019020267,1,0
8476404,2019020267,2,0
8476461,2019020267,2,0
8476792,2019020267,1,0
8476891,2019020267,1,0
8476906,2019020267,1,0
8477290,2019020267,1,0
8477365,2019020267,2,0
8477948,2019020267,3,0
8477956,2019020267,4,0
8478046,2019020267,1,1
8478067,2019020267,1,0
8478075,2019020267,3,0
8478439,2019020267,1,1
8478443,2019020267,3,0
8478500,2019020267,3,0
8479026,2019020267,2,1
8479325,2019020267,3,0
8479358,2019020267,1,0
8473986,2019020287,4,2
8474031,2019020287,5,1
8474034,2019020287,3,1
8474230,2019020287,1,0
8474564,2019020287,2,1
8474568,2019020287,4,1
8474870,2019020287,2,0
8475167,2019020287,6,0
8475184,2019020287,1,1
8475855,2019020287,1,0
8476292,2019020287,2,1
8476453,2019020287,3,1
8476826,2019020287,2,1
8476869,2019020287,1,0
8476885,2019020287,1,0
8476975,2019020287,2,0
8477402,2019020287,2,0
8477409,2019020287,1,0
8477962,2019020287,2,0
8478416,2019020287,6,0
8478472,2019020287,1,0
8478550,2019020287,6,0
8479323,2019020287,1,0
8479324,2019020287,1,0
8479410,2019020287,2,0
8480072,2019020287,3,0
8480078,2019020287,3,2
8470621,2019020291,3,0
8470794,2019020291,3,0
8471228,2019020291,2,1
8471260,2019020291,1,1
8471303,2019020291,5,0
8473994,2019020291,3,0
8474574,2019020291,1,0
8475413,2019020291,2,1
8475794,2019020291,5,1
8476166,2019020291,1,0
8476344,2019020291,1,0
8476466,2019020291,2,0
8476467,2019020291,2,0
8476871,2019020291,4,0
8476889,2019020291,2,0
8476902,2019020291,1,0
8477213,2019020291,1,0
8477450,2019020291,1,0
8477500,2019020291,2,0
8477937,2019020291,4,1
8478444,2019020291,3,0
8478495,2019020291,1,0
8478874,2019020291,4,0
8479442,2019020291,2,1
8480012,2019020291,3,0
8480036,2019020291,2,0
8480800,2019020291,2,0
8470151,2019020297,3,0
8474062,2019020297,1,0
8474565,2019020297,2,0
8474679,2019020297,1,0
8474715,2019020297,2,0
8475158,2019020297,3,0
8475170,2019020297,3,1
8475233,2019020297,1,0
8475753,2019020297,1,0
8475768,2019020297,2,0
8476432,2019020297,3,0
8476449,2019020297,2,0
8476892,2019020297,1,0
8476907,2019020297,1,1
8476981,2019020297,4,0
8477416,2019020297,1,0
8477482,2019020297,2,0
8477495,2019020297,1,0
8477505,2019020297,5,0
8477947,2019020297,1,0
8477964,2019020297,2,0
8478104,2019020297,1,0
8478407,2019020297,2,0
8478460,2019020297,5,1
8478567,2019020297,5,0
8478882,2019020297,2,1
8479400,2019020297,3,1
8480023,2019020297,4,0
8480205,2019020297,2,0
8466139,2019020313,2,0
8470047,2019020313,1,0
8470318,2019020313,2,0
8471709,2019020313,1,1
8474053,2019020313,3,0
8474578,2019020313,2,1
8475169,2019020313,1,0
8475795,2019020313,2,0
8476624,2019020313,1,0
8476822,2019020313,3,0
8476960,2019020313,4,2
8477454,2019020313,1,0
8477474,2019020313,3,0
8477479,2019020313,1,0
8477511,2019020313,2,0
8477943,2019020313,2,0
8477946,2019020313,1,0
8477952,2019020313,3,0
8478099,2019020313,6,1
8478176,2019020313,2,0
8478414,2019020313,1,0
8479983,2019020313,1,0
8480160,2019020313,1,0
8481433,2019020313,1,1
8470619,2019020319,2,0
8471702,2019020319,2,0
8471873,2019020319,1,0
8473512,2019020319,4,0
8474027,2019020319,1,0
8474037,2019020319,1,0
8474098,2019020319,4,1
8474149,2019020319,7,0
8474161,2019020319,1,0
8474884,2019020319,2,1
8475752,2019020319,1,0
8475763,2019020319,1,0
8475792,2019020319,1,1
8475796,2019020319,1,0
8476389,2019020319,1,0
8476456,2019020319,1,1
8476461,2019020319,7,0
8477290,2019020319,3,0
8477493,2019020319,3,1
8477932,2019020319,2,0
8477948,2019020319,3,1
8478067,2019020319,5,0
8478439,2019020319,2,0
8478500,2019020319,2,0
8478843,2019020319,1,0
8479026,2019020319,1,0
8480028,2019020319,3,1
8470187,2019020321,2,0
8471215,2019020321,2,0
8473504,2019020321,1,0
8473544,2019020321,2,0
8474573,2019020321,2,1
8474586,2019020321,5,0
8474602,2019020321,2,0
8475181,2019020321,2,0
8475208,2019020321,1,0
8475231,2019020321,1,0
8475314,2019020321,5,0
8475754,2019020321,5,2
8475810,2019020321,5,1
8476429,2019020321,2,0
8476851,2019020321,1,0
8476927,2019020321,1,0
8477010,2019020321,2,0
8477404,2019020321,4,1
8477506,2019020321,5,1
8477936,2019020321,1,0
8477969,2019020321,1,0
8478038,2019020321,4,0
8478043,2019020321,4,0
8478445,2019020321,2,0
8478463,2019020321,3,1
8479293,2019020321,2,2
8479944,2019020321,4,0
8480946,2019020321,2,0
8470966,2019020368,6,0
8471215,2019020368,2,0
8471724,2019020368,4,0
8471887,2019020368,2,0
8473564,2019020368,1,0
8474150,2019020368,4,0
8474628,2019020368,3,0
8475208,2019020368,1,0
8475810,2019020368,5,0
8475902,2019020368,1,0
8476346,2019020368,5,0
8476851,2019020368,1,1
8476873,2019020368,1,0
8477404,2019020368,6,1
8477496,2019020368,1,0
8477497,2019020368,2,1
8477955,2019020368,9,1
8477969,2019020368,1,0
8478043,2019020368,1,0
8478233,2019020368,1,0
8478396,2019020368,2,0
8478397,2019020368,1,0
8478430,2019020368,1,0
8478507,2019020368,1,0
8478585,2019020368,3,0
8479293,2019020368,1,0
8479314,2019020368,2,0
8479346,2019020368,1,1
8479944,2019020368,2,0
8480946,2019020368,1,0
8469459,2019020375,1,0
8470600,2019020375,1,1
8470610,2019020375,4,1
8472382,2019020375,1,0
8474056,2019020375,4,0
8474190,2019020375,2,0
8475151,2019020375,3,1
8475222,2019020375,4,0
8475692,2019020375,1,0
8475722,2019020375,1,0
8475791,2019020375,3,0
8476399,2019020375,3,0
8476437,2019020375,2,0
8476463,2019020375,2,0
8476779,2019020375,1,0
8476807,2019020375,1,0
8476856,2019020375,2,0
8476923,2019020375,1,0
8477038,2019020375,3,0
8477355,2019020375,2,0
8477369,2019020375,2,0
8477401,2019020375,1,0
8477425,2019020375,2,0
8477451,2019020375,3,0
8477942,2019020375,2,0
8477987,2019020375,1,0
8478413,2019020375,3,1
8478493,2019020375,1,0
8479316,2019020375,2,0
8480002,2019020375,2,0
8480003,2019020375,1,1
8481559,2019020375,1,0
8473533,2019020381,2,0
8474090,2019020381,1,1
8474581,2019020381,3,0
8475184,2019020381,1,0
8475855,2019020381,2,0
8476288,2019020381,3,1
8476441,2019020381,1,0
8476458,2019020381,1,0
8476459,2019020381,3,1
8476462,2019020381,6,0
8476869,2019020381,1,0
8476882,2019020381,3,0
8476885,2019020381,2,0
8476921,2019020381,1,0
8476922,2019020381,1,0
8476958,2019020381,1,0
8477402,2019020381,1,0
8477938,2019020381,3,0
8477962,2019020381,1,0
8477998,2019020381,9,1
8478027,2019020381,1,0
8478427,2019020381,3,0
8478550,2019020381,2,0
8479323,2019020381,2,1
8479324,2019020381,1,0
8479353,2019020381,1,0
8480039,2019020381,1,0
8480078,2019020381,3,0
8480830,2019020381,6,0
8481554,2019020381,2,0
8473533,2019020401,2,0
8474009,2019020401,1,0
8474581,2019020401,2,0
8474600,2019020401,3,0
8475168,2019020401,1,0
8475176,2019020401,5,0
8475218,2019020401,3,0
8475225,2019020401,3,0
8475714,2019020401,2,1
8475766,2019020401,2,1
8475798,2019020401,3,0
8476288,2019020401,1,0
8476428,2019020401,1,1
8476441,2019020401,2,0
8476462,2019020401,2,0
8476882,2019020401,2,0
8476887,2019020401,3,0
8476921,2019020401,1,0
8476934,2019020401,2,0
8476958,2019020401,3,0
8477488,2019020401,1,0
8477901,2019020401,1,0
8477938,2019020401,3,0
8477998,2019020401,3,0
8478027,2019020401,2,0
8478056,2019020401,2,0
8480830,2019020401,3,0
8468674,2019020427,1,0
8471233,2019020427,3,0
8471817,2019020427,2,0
8474157,2019020427,5,0
8474190,2019020427,1,0
8475151,2019020427,3,1
8475188,2019020427,1,0
8475191,2019020427,2,0
8475222,2019020427,1,0
8475791,2019020427,5,0
8475913,2019020427,3,0
8476399,2019020427,5,0
8476448,2019020427,1,0
8476539,2019020427,9,3
8476905,2019020427,1,1
8476923,2019020427,1,0
8477038,2019020427,2,0
8477220,2019020427,1,0
8477355,2019020427,2,0
8477425,2019020427,4,0
8477949,2019020427,2,0
8479407,2019020427,3,1
8479980,2019020427,2,0
8480002,2019020427,3,1
8480003,2019020427,2,0
8469455,2019020434,1,0
8474162,2019020434,1,0
8474685,2019020434,2,0
8475166,2019020434,8,0
8475172,2019020434,1,0
8475197,2019020434,2,0
8475786,2019020434,6,1
8475820,2019020434,4,1
8476853,2019020434,6,0
8476879,2019020434,1,0
8477435,2019020434,2,0
8477492,2019020434,2,1
8477501,2019020434,5,1
8477507,2019020434,1,0
8477930,2019020434,3,0
8477939,2019020434,2,0
8477953,2019020434,2,0
8478115,2019020434,1,0
8478408,2019020434,3,0
8478420,2019020434,1,0
8478483,2019020434,1,0
8479318,2019020434,5,0
8479398,2019020434,2,0
8480069,2019020434,4,0
8480157,2019020434,1,0
8481186,2019020434,2,0
8465009,2019020438,2,0
8470655,2019020438,2,0
8473419,2019020438,2,0
8473604,2019020438,3,1
8474141,2019020438,5,0
8474250,2019020438,1,0
8475177,2019020438,2,0
8475186,2019020438,3,0
8475745,2019020438,3,0
8475780,2019020438,1,1
8475807,2019020438,4,1
8476374,2019020438,1,0
8476473,2019020438,4,0
8476792,2019020438,7,1
8476891,2019020438,1,0
8476979,2019020438,3,0
8477846,2019020438,1,1
8477956,2019020438,2,0
8478046,2019020438,6,0
8478075,2019020438,1,0
8478440,2019020438,3,1
8478498,2019020438,2,0
8478502,2019020438,2,0
8479325,2019020438,3,0
8479337,2019020438,3,1
8479423,2019020438,1,0
8480144,2019020438,2,0
8481523,2019020438,1,0
8471215,2019020449,2,1
8471262,2019020449,1,0
8471274,2019020449,2,0
8471724,2019020449,3,0
8473546,2019020449,1,0
8473548,2019020449,3,0
8474602,2019020449,1,0
8474613,2019020449,1,0
8475171,2019020449,3,0
8475810,2019020449,1,0
8476474,2019020449,1,0
8476851,2019020449,1,0
8476927,2019020449,2,0
8476994,2019020449,4,0
8477244,2019020449,2,0
8477404,2019020449,2,0
8477851,2019020449,2,0
8477955,2019020449,2,0
8477969,2019020449,2,0
8477989,2019020449,2,0
8478043,2019020449,1,0
8478474,2019020449,2,0
8478856,2019020449,3,0
8478866,2019020449,1,0
8479293,2019020449,3,1
8479343,2019020449,5,0
8479345,2019020449,4,0
8479944,2019020449,1,0
8480946,2019020449,1,0
8471702,2019020452,4,0
8474027,2019020452,1,0
8474589,2019020452,3,0
8474597,2019020452,1,0
8475763,2019020452,3,0
8476331,2019020452,1,0
8476419,2019020452,1,0
8476461,2019020452,2,0
8476480,2019020452,2,0
8476872,2019020452,3,1
8476906,2019020452,1,1
8476919,2019020452,1,0
8477015,2019020452,3,0
8477407,2019020452,7,2
8478067,2019020452,2,0
8478400,2019020452,2,0
8478439,2019020452,1,1
8478469,2019020452,1,0
8478500,2019020452,2,1
8479026,2019020452,1,0
8479366,2019020452,1,0
8479458,2019020452,1,0
8480028,2019020452,1,0
8480801,2019020452,6,1
8470619,2019020457,2,0
8471735,2019020457,1,0
8474062,2019020457,4,0
8474098,2019020457,1,0
8474149,2019020457,3,1
8474679,2019020457,1,0
8474715,2019020457,3,0
8474884,2019020457,4,1
8475233,2019020457,1,0
8475792,2019020457,2,1
8476389,2019020457,1,0
8476432,2019020457,2,0
8476875,2019020457,4,0
8476952,2019020457,1,0
8476981,2019020457,3,0
8477346,2019020457,1,0
8477384,2019020457,1,1
8477416,2019020457,4,0
8477493,2019020457,1,0
8477495,2019020457,2,0
8477932,2019020457,1,0
8477947,2019020457,1,0
8478366,2019020457,1,0
8478567,2019020457,3,0
8478569,2019020457,1,0
8478839,2019020457,2,0
8478882,2019020457,1,1
8479369,2019020457,1,0
8479400,2019020457,3,0
8480074,2019020457,1,0
8480205,2019020457,3,0
8480762,2019020457,1,0
8470966,2019020471,3,0
8473564,2019020471,3,1
8474013,2019020471,2,0
8474150,2019020471,4,0
8474685,2019020471,1,0
8474717,2019020471,1,0
8475820,2019020471,3,1
8476346,2019020471,3,0
8476356,2019020471,1,0
8476442,2019020471,1,0
8476455,2019020471,2,0
8477435,2019020471,3,1
8477492,2019020471,8,1
8477496,2019020471,2,0
8477497,2019020471,5,1
8477501,2019020471,2,1
8477973,2019020471,2,0
8478233,2019020471,2,1
8478396,2019020471,2,0
8478397,2019020471,1,0
8478420,2019020471,4,0
8478585,2019020471,3,1
8479314,2019020471,3,1
8479346,2019020471,1,0
8479370,2019020471,1,0
8479398,2019020471,1,0
8480157,2019020471,1,0
8465009,2019020488,1,0
8470638,2019020488,4,1
8471276,2019020488,1,0
8473419,2019020488,3,0
8473986,2019020488,4,0
8474031,2019020488,3,0
8474034,2019020488,1,0
8474564,2019020488,5,2
8475167,2019020488,1,0
8475186,2019020488,1,1
8475745,2019020488,1,0
8476292,2019020488,2,0
8476439,2019020488,1,0
8476453,2019020488,3,0
8476792,2019020488,2,0
8476826,2019020488,1,0
8477956,2019020488,3,0
8478010,2019020488,2,1
8478046,2019020488,3,0
8478416,2019020488,3,0
8478443,2019020488,2,0
8478477,2019020488,3,0
8478498,2019020488,4,0
8478519,2019020488,1,0
8479325,2019020488,3,0
8479410,2019020488,1,0
8480172,2019020488,1,0
8471677,2019020490,2,0
8471724,2019020490,3,0
8474602,2019020490,1,0
8474679,2019020490,1,0
8474715,2019020490,2,0
8475810,2019020490,6,1
8476432,2019020490,1,0
8476474,2019020490,1,0
8476850,2019020490,2,0
8476851,2019020490,4,0
8476927,2019020490,3,0
8477010,2019020490,1,0
8477244,2019020490,1,0
8477404,2019020490,1,0
8477416,2019020490,3,0
8477495,2019020490,1,0
8477947,2019020490,1,0
8477955,2019020490,1,0
8478043,2019020490,1,0
8478507,2019020490,2,0
8478866,2019020490,2,0
8478882,2019020490,1,0
8479293,2019020490,1,0
8479369,2019020490,1,0
8479400,2019020490,2,0
8480074,2019020490,1,0
8480762,2019020490,1,0
8480946,2019020490,2,0
8471214,2019020507,3,0
8471698,2019020507,1,1
8473563,2019020507,1,1
8473986,2019020507,4,0
8474031,2019020507,4,0
8474176,2019020507,2,0
8474189,2019020507,3,1
8474564,2019020507,1,0
8474590,2019020507,2,0
8475167,2019020507,2,0
8475200,2019020507,3,0
8475324,2019020507,2,0
8475462,2019020507,5,0
8476292,2019020507,2,0
8476453,2019020507,2,0
8476826,2019020507,1,0
8476880,2019020507,4,1
8476894,2019020507,3,0
8477903,2019020507,2,1
8477944,2019020507,2,0
8478010,2019020507,5,1
8478416,2019020507,2,0
8478519,2019020507,1,0
8479410,2019020507,3,0
8479482,2019020507,1,0
8480172,2019020507,1,1
8471218,2019020515,3,1
8471702,2019020515,4,1
8473512,2019020515,4,0
8474037,2019020515,1,1
8474161,2019020515,1,0
8474579,2019020515,1,1
8475763,2019020515,6,0
8475868,2019020515,3,0
8476392,2019020515,1,0
8476400,2019020515,1,1
8476460,2019020515,1,1
8476461,2019020515,2,0
8476906,2019020515,1,1
8477462,2019020515,1,0
8477504,2019020515,1,0
8477940,2019020515,2,1
8477948,2019020515,3,0
8477979,2019020515,1,0
8478398,2019020515,2,1
8478458,2019020515,3,0
8478500,2019020515,4,0
8478844,2019020515,2,0
8479339,2019020515,4,1
8479358,2019020515,1,0
8480145,2019020515,2,0
8480797,2019020515,1,0
8468493,2019020519,4,0
8471735,2019020519,2,0
8471873,2019020519,1,0
8473573,2019020519,3,1
8474149,2019020519,1,0
8474597,2019020519,2,0
8474697,2019020519,1,0
8474884,2019020519,2,0
8475792,2019020519,1,0
8476389,2019020519,1,0
8476419,2019020519,1,0
8476456,2019020519,1,0
8476480,2019020519,1,0
8476875,2019020519,1,1
8476952,2019020519,1,1
8477015,2019020519,2,0
8477346,2019020519,2,0
8477384,2019020519,3,0
8477407,2019020519,2,0
8477426,2019020519,2,0
8477493,2019020519,6,1
8477932,2019020519,2,0
8477971,2019020519,1,0
8478366,2019020519,3,0
8478469,2019020519,3,0
8478569,2019020519,3,3
8478843,2019020519,1,0
8479366,2019020519,1,0
8480073,2019020519,2,0
8480801,2019020519,5,0
8470642,2019020532,2,1
8473507,2019020532,2,0
8474091,2019020532,2,0
8474574,2019020532,3,0
8474818,2019020532,1,0
8475193,2019020532,1,1
8475279,2019020532,2,0
8475690,2019020532,3,0
8475738,2019020532,1,0
8475848,2019020532,5,0
8476393,2019020532,2,1
8476410,2019020532,2,0
8476422,2019020532,1,0
8476468,2019020532,5,0
8476479,2019020532,1,0
8476871,2019020532,1,0
8476967,2019020532,1,0
8477353,2019020532,2,0
8477476,2019020532,5,0
8477503,2019020532,2,0
8477937,2019020532,2,0
8478444,2019020532,3,0
8478874,2019020532,1,1
8479442,2019020532,3,0
8479985,2019020532,2,0
8480012,2019020532,4,0
8480018,2019020532,3,0
8480147,2019020532,3,0
8480800,2019020532,4,0
8470257,2019020537,2,0
8471426,2019020537,1,0
8471707,2019020537,4,1
8474040,2019020537,2,0
8474102,2019020537,6,0
8474145,2019020537,1,0
8474565,2019020537,6,0
8475158,2019020537,4,0
8475163,2019020537,2,0
8475170,2019020537,3,1
8475178,2019020537,2,0
8475753,2019020537,9,0
8475768,2019020537,1,0
8475772,2019020537,1,0
8476454,2019020537,5,0
8476472,2019020537,2,0
8476892,2019020537,1,0
8476897,2019020537,2,0
8476907,2019020537,2,1
8476915,2019020537,2,0
8477455,2019020537,1,0
8477498,2019020537,2,0
8477934,2019020537,8,0
8478402,2019020537,3,0
8478407,2019020537,2,0
8478452,2019020537,2,0
8479385,2019020537,2,0
8480023,2019020537,1,0
8481638,2019020537,1,0
8470642,2019020545,2,0
8470775,2019020545,1,0
8470966,2019020545,3,0
8473473,2019020545,1,0
8473507,2019020545,1,0
8473564,2019020545,2,0
8474150,2019020545,1,0
8474612,2019020545,3,0
8474673,2019020545,2,0
8475193,2019020545,4,0
8475279,2019020545,1,0
8475738,2019020545,2,0
8475848,2019020545,5,1
8476356,2019020545,1,0
8476393,2019020545,2,0
8476422,2019020545,2,0
8476469,2019020545,4,1
8476479,2019020545,3,0
8477003,2019020545,1,0
8477476,2019020545,1,0
8477496,2019020545,2,1
8477497,2019020545,2,0
8477503,2019020545,4,1
8477935,2019020545,1,0
8478233,2019020545,4,0
8478396,2019020545,1,0
8478430,2019020545,1,1
8478585,2019020545,1,0
8479314,2019020545,2,1
8479985,2019020545,2,0
8480018,2019020545,6,1
8480068,2019020545,2,0
8471686,2019020574,2,0
8471702,2019020574,2,0
8473512,2019020574,3,0
8474027,2019020574,1,0
8474037,2019020574,2,0
8474090,2019020574,1,0
8474161,2019020574,2,0
8475184,2019020574,2,0
8475752,2019020574,1,0
8475763,2019020574,3,2
8475855,2019020574,1,1
8476459,2019020574,3,0
8476461,2019020574,2,0
8476869,2019020574,3,0
8476906,2019020574,2,0
8477402,2019020574,4,0
8477948,2019020574,4,2
8477950,2019020574,4,0
8477962,2019020574,2,0
8477979,2019020574,2,1
8478439,2019020574,2,0
8478500,2019020574,3,0
8478550,2019020574,5,0
8479323,2019020574,5,0
8479324,2019020574,1,0
8480028,2019020574,1,0
8480078,2019020574,2,0
8470151,2019020581,1,0
8470257,2019020581,2,0
8470604,2019020581,2,0
8470606,2019020581,3,0
8471685,2019020581,2,0
8474102,2019020581,2,0
8474563,2019020581,3,0
8474565,2019020581,6,0
8475158,2019020581,1,0
8475160,2019020581,2,0
8475170,2019020581,3,2
8475726,2019020581,1,0
8475753,2019020581,2,0
8475768,2019020581,1,1
8476892,2019020581,2,0
8476897,2019020581,1,0
8476907,2019020581,1,0
8476947,2019020581,3,0
8477018,2019020581,1,0
8477073,2019020581,1,0
8477960,2019020581,2,0
8477964,2019020581,2,0
8478020,2019020581,4,0
8478407,2019020581,1,1
8478455,2019020581,1,0
8478911,2019020581,1,0
8479385,2019020581,3,0
8479644,2019020581,2,0
8480113,2019020581,2,1
8470595,2019020588,4,1
8470600,2019020588,2,1
8470610,2019020588,1,0
8474013,2019020588,2,0
8474685,2019020588,3,2
8474716,2019020588,1,0
8475172,2019020588,2,0
8475220,2019020588,2,0
8475692,2019020588,2,1
8475820,2019020588,8,0
8476437,2019020588,1,1
8476455,2019020588,7,1
8476463,2019020588,4,0
8476779,2019020588,3,1
8476856,2019020588,2,0
8477369,2019020588,2,1
8477435,2019020588,4,0
8477444,2019020588,1,0
8477451,2019020588,1,0
8477456,2019020588,2,0
8477492,2019020588,5,1
8477930,2019020588,1,0
8477942,2019020588,3,0
8477987,2019020588,3,0
8478420,2019020588,2,0
8479316,2019020588,2,0
8479370,2019020588,3,0
8479398,2019020588,2,0
8480069,2019020588,2,0
8470642,2019020594,5,0
8470775,2019020594,1,0
8473507,2019020594,6,0
8473986,2019020594,4,2
8474031,2019020594,2,0
8474564,2019020594,2,1
8474870,2019020594,1,0
8475167,2019020594,3,0
8475193,2019020594,2,0
8475279,2019020594,2,1
8475738,2019020594,4,1
8475848,2019020594,5,0
8476292,2019020594,1,0
8476393,2019020594,1,0
8476453,2019020594,1,0
8476479,2019020594,3,0
8476826,2019020594,3,0
8476967,2019020594,2,0
8476975,2019020594,1,0
8477476,2019020594,2,0
8477503,2019020594,2,1
8478010,2019020594,3,0
8478472,2019020594,1,0
8478477,2019020594,3,1
8478519,2019020594,2,1
8479376,2019020594,1,0
8479410,2019020594,1,0
8479985,2019020594,1,0
8480018,2019020594,1,0
8480068,2019020594,2,0
8480172,2019020594,2,0
8480829,2019020594,3,1
8471215,2019020596,4,0
8471677,2019020596,2,0
8471724,2019020596,4,1
8471887,2019020596,2,0
8474009,2019020596,2,0
8474068,2019020596,2,0
8474134,2019020596,2,0
8474600,2019020596,3,0
8475168,2019020596,9,0
8475176,2019020596,2,0
8475218,2019020596,4,0
8475225,2019020596,4,1
8475714,2019020596,4,0
8475793,2019020596,2,0
8475798,2019020596,2,2
8475810,2019020596,3,2
8476278,2019020596,4,0
8476428,2019020596,1,0
8476851,2019020596,1,1
8476887,2019020596,3,0
8476927,2019020596,2,0
8477404,2019020596,4,1
8477955,2019020596,2,0
8477969,2019020596,2,0
8478042,2019020596,4,1
8478043,2019020596,2,0
8478507,2019020596,2,0
8478866,2019020596,1,0
8479293,2019020596,1,0
8479944,2019020596,1,0
8480945,2019020596,2,0
8480946,2019020596,1,1
8470619,2019020619,1,0
8471735,2019020619,4,0
8471804,2019020619,2,0
8471873,2019020619,1,0
8473422,2019020619,1,0
8474098,2019020619,2,1
8474149,2019020619,4,0
8474679,2019020619,3,0
8474884,2019020619,2,0
8475233,2019020619,1,0
8475792,2019020619,2,0
8475796,2019020619,1,0
8476389,2019020619,5,0
8476432,2019020619,3,1
8476456,2019020619,2,0
8476875,2019020619,2,0
8476952,2019020619,1,0
8477384,2019020619,1,0
8477493,2019020619,1,0
8477495,2019020619,2,0
8477932,2019020619,3,0
8477974,2019020619,1,0
8478366,2019020619,3,0
8478460,2019020619,6,3
8478567,2019020619,1,0
8478569,2019020619,1,0
8478831,2019020619,4,0
8479388,2019020619,1,0
8479400,2019020619,1,0
8480762,2019020619,3,0
8471215,2019020654,5,0
8471735,2019020654,3,0
8471887,2019020654,6,0
8474098,2019020654,2,0
8474149,2019020654,2,1
8474884,2019020654,1,1
8475792,2019020654,3,1
8475810,2019020654,3,0
8476389,2019020654,2,0
8476456,2019020654,3,0
8476851,2019020654,3,0
8476875,2019020654,2,0
8476974,2019020654,1,0
8477384,2019020654,2,0
8477493,2019020654,3,0
8477932,2019020654,3,0
8477955,2019020654,2,1
8477969,2019020654,1,0
8478366,2019020654,4,1
8478843,2019020654,2,0
8478866,2019020654,3,0
8479293,2019020654,3,0
8479388,2019020654,3,0
8479944,2019020654,3,0
8480946,2019020654,2,0
8470187,2019020665,2,0
8471233,2019020665,2,0
8474056,2019020665,2,1
8474573,2019020665,3,0
8474586,2019020665,3,1
8474709,2019020665,3,0
8475151,2019020665,2,1
8475181,2019020665,2,0
8475222,2019020665,3,0
8475231,2019020665,2,1
8475314,2019020665,6,1
8475754,2019020665,2,0
8475832,2019020665,3,1
8476043,2019020665,1,0
8476399,2019020665,5,0
8476429,2019020665,3,0
8476923,2019020665,1,0
8477038,2019020665,4,0
8477355,2019020665,1,0
8477401,2019020665,1,0
8477425,2019020665,2,0
8477506,2019020665,4,0
8477509,2019020665,2,0
8477936,2019020665,1,0
8478038,2019020665,3,0
8478401,2019020665,1,0
8478445,2019020665,2,0
8478463,2019020665,2,0
8480002,2019020665,5,1
8480003,2019020665,3,0
8469454,2019020679,2,0
8470642,2019020679,6,0
8471707,2019020679,1,0
8473507,2019020679,3,0
8474618,2019020679,1,0
8475163,2019020679,2,1
8475178,2019020679,1,0
8475193,2019020679,1,0
8475738,2019020679,2,0
8475772,2019020679,3,1
8475848,2019020679,4,0
8476326,2019020679,2,1
8476393,2019020679,1,0
8476454,2019020679,1,1
8476457,2019020679,3,0
8476472,2019020679,1,0
8476479,2019020679,4,1
8476967,2019020679,2,0
8477476,2019020679,2,0
8477498,2019020679,3,0
8477503,2019020679,2,0
8477934,2019020679,4,0
8478402,2019020679,1,0
8479376,2019020679,1,0
8479977,2019020679,1,0
8479985,2019020679,2,0
8480018,2019020679,2,0
8480068,2019020679,1,0
8480829,2019020679,1,1
8481638,2019020679,3,0
8470755,2019020690,1,0
8471262,2019020690,2,0
8473533,2019020690,2,0
8473546,2019020690,1,0
8473548,2019020690,1,0
8474218,2019020690,2,0
8474581,2019020690,1,0
8474613,2019020690,4,0
8475171,2019020690,2,0
8475287,2019020690,2,0
8475791,2019020690,2,0
8475799,2019020690,3,0
8476441,2019020690,2,0
8476462,2019020690,1,0
8476934,2019020690,2,0
8476958,2019020690,1,0
8476994,2019020690,4,0
8477488,2019020690,3,0
8477845,2019020690,1,0
8477851,2019020690,2,0
8477951,2019020690,2,0
8477989,2019020690,2,0
8477998,2019020690,2,1
8478027,2019020690,5,1
8478427,2019020690,1,0
8478474,2019020690,2,0
8478856,2019020690,2,0
8479343,2019020690,1,0
8479345,2019020690,2,0
8480039,2019020690,2,1
8480830,2019020690,1,0
8465009,2019020694,1,0
8470187,2019020694,4,0
8470638,2019020694,4,1
8471276,2019020694,2,0
8473419,2019020694,3,0
8473463,2019020694,1,0
8474573,2019020694,2,0
8474586,2019020694,2,0
8475186,2019020694,2,1
8475231,2019020694,2,0
8475314,2019020694,3,0
8475745,2019020694,1,0
8475754,2019020694,1,0
8475780,2019020694,2,0
8475807,2019020694,2,0
8475832,2019020694,3,0
8476374,2019020694,2,0
8476429,2019020694,2,1
8476792,2019020694,2,0
8477506,2019020694,1,0
8477936,2019020694,2,0
8477956,2019020694,5,0
8478038,2019020694,2,0
8478046,2019020694,1,0
8478443,2019020694,2,0
8478445,2019020694,9,1
8478463,2019020694,2,0
8478498,2019020694,3,1
8479325,2019020694,1,0
8480865,2019020694,1,0
8470281,2019020699,2,0
8470612,2019020699,1,0
8473604,2019020699,1,1
8474141,2019020699,4,0
8474641,2019020699,4,0
8475764,2019020699,2,0
8475790,2019020699,1,0
8476312,2019020699,2,0
8476473,2019020699,4,0
8476483,2019020699,7,1
8476854,2019020699,1,0
8476874,2019020699,1,1
8476886,2019020699,1,0
8476913,2019020699,2,0
8477240,2019020699,2,0
8477330,2019020699,3,2
8477846,2019020699,2,0
8478131,2019020699,3,0
8478146,2019020699,4,0
8478466,2019020699,3,0
8478491,2019020699,3,0
8479337,2019020699,4,0
8479351,2019020699,2,0
8479368,2019020699,2,1
8479423,2019020699,2,0
8479465,2019020699,2,0
8480031,2019020699,2,0
8480144,2019020699,1,0
8480871,2019020699,1,0
8481523,2019020699,1,0
8471669,2019020701,3,0
8471804,2019020701,2,0
8471817,2019020701,1,0
8474157,2019020701,5,0
8474207,2019020701,4,0
8474679,2019020701,1,0
8475191,2019020701,2,0
8475233,2019020701,1,0
8475236,2019020701,1,0
8475913,2019020701,1,0
8476432,2019020701,1,0
8476448,2019020701,1,0
8476905,2019020701,1,0
8477220,2019020701,1,0
8477447,2019020701,3,0
8477495,2019020701,1,0
8477505,2019020701,1,1
8477931,2019020701,2,0
8477949,2019020701,1,0
8478434,2019020701,1,0
8478460,2019020701,4,0
8478882,2019020701,1,0
8478906,2019020701,1,0
8479400,2019020701,5,1
8480205,2019020701,1,1
8480762,2019020701,3,0
8470638,2019020711,3,0
8471276,2019020711,4,2
8471702,2019020711,3,0
8473512,2019020711,2,0
8474037,2019020711,1,0
8474161,2019020711,4,0
8475186,2019020711,2,0
8475745,2019020711,3,1
8475763,2019020711,3,1
8475780,2019020711,1,0
8476439,2019020711,1,0
8476461,2019020711,5,1
8476792,2019020711,3,0
8476872,2019020711,1,0
8476891,2019020711,1,0
8477290,2019020711,1,0
8477462,2019020711,1,0
8477948,2019020711,5,2
8477956,2019020711,3,1
8477979,2019020711,1,0
8478046,2019020711,2,0
8478075,2019020711,2,1
8478439,2019020711,4,0
8478443,2019020711,1,0
8478498,2019020711,3,0
8478500,2019020711,5,0
8479026,2019020711,2,0
8479325,2019020711,2,0
8479382,2019020711,1,1
8471214,2019020712,4,2
8473563,2019020712,1,0
8474176,2019020712,3,0
8474189,2019020712,3,0
8474581,2019020712,1,0
8474590,2019020712,2,0
8475200,2019020712,1,0
8475209,2019020712,1,0
8475287,2019020712,2,0
8475324,2019020712,3,0
8475343,2019020712,1,0
8475462,2019020712,2,0
8475744,2019020712,2,0
8476462,2019020712,5,0
8476880,2019020712,2,0
8476882,2019020712,4,0
8476894,2019020712,2,0
8476921,2019020712,1,0
8476934,2019020712,1,0
8476958,2019020712,1,0
8477488,2019020712,2,0
8477845,2019020712,1,0
8477903,2019020712,1,0
8477944,2019020712,1,0
8477998,2019020712,1,0
8478427,2019020712,3,0
8479482,2019020712,1,0
8480039,2019020712,1,0
8465009,2019020727,1,0
8470638,2019020727,3,1
8471215,2019020727,2,0
8471675,2019020727,3,1
8471724,2019020727,2,0
8471887,2019020727,3,0
8473419,2019020727,3,1
8475186,2019020727,1,0
8475745,2019020727,4,0
8475810,2019020727,2,0
8476374,2019020727,3,1
8476792,2019020727,2,0
8476851,2019020727,2,0
8476891,2019020727,2,0
8476927,2019020727,1,0
8477244,2019020727,2,0
8477955,2019020727,4,0
8477956,2019020727,3,0
8477969,2019020727,1,0
8478046,2019020727,1,0
8478075,2019020727,1,0
8478443,2019020727,2,0
8478866,2019020727,2,0
8479293,2019020727,2,0
8479325,2019020727,2,0
8479944,2019020727,3,0
8480944,2019020727,2,1
8480946,2019020727,1,0
8469459,2019020736,1,0
8470595,2019020736,2,0
8470600,2019020736,2,1
8470610,2019020736,3,1
8474031,2019020736,2,0
8474151,2019020736,1,0
8474564,2019020736,3,0
8475167,2019020736,1,0
8475220,2019020736,1,0
8475692,2019020736,1,0
8475722,2019020736,1,0
8476453,2019020736,3,2
8476463,2019020736,2,0
8476826,2019020736,1,0
8476856,2019020736,2,0
8476975,2019020736,1,0
8477369,2019020736,1,0
8477451,2019020736,2,0
8477942,2019020736,3,0
8478010,2019020736,3,0
8478413,2019020736,1,0
8478493,2019020736,1,1
8479410,2019020736,5,0
8470626,2019020739,1,0
8471262,2019020739,2,0
8471274,2019020739,2,0
8473546,2019020739,2,0
8474091,2019020739,2,0
8474218,2019020739,3,0
8474574,2019020739,2,0
8474613,2019020739,4,0
8474849,2019020739,1,0
8475171,2019020739,2,0
8475690,2019020739,1,0
8475791,2019020739,3,0
8475808,2019020739,2,0
8476468,2019020739,2,0
8476871,2019020739,3,1
8476994,2019020739,2,0
8477353,2019020739,1,0
8477500,2019020739,3,1
8477937,2019020739,2,1
8477989,2019020739,3,1
8478444,2019020739,3,0
8478474,2019020739,2,0
8478856,2019020739,1,0
8479343,2019020739,3,0
8479345,2019020739,4,0
8480012,2019020739,2,0
8480147,2019020739,2,0
8470110,2019020749,2,0
8470144,2019020749,2,0
8471242,2019020749,2,0
8471716,2019020749,3,0
8471735,2019020749,1,0
8471794,2019020749,2,0
8471873,2019020749,2,0
8473415,2019020749,1,0
8474098,2019020749,3,0
8474149,2019020749,3,1
8474884,2019020749,2,0
8475792,2019020749,2,0
8475796,2019020749,4,1
8476389,2019020749,3,0
8476456,2019020749,1,0
8476822,2019020749,1,0
8476875,2019020749,1,0
8477474,2019020749,4,0
8477479,2019020749,1,0
8477493,2019020749,5,1
8477932,2019020749,2,0
8477946,2019020749,3,1
8477952,2019020749,5,0
8478036,2019020749,1,0
8478366,2019020749,3,0
8478569,2019020749,1,0
8478843,2019020749,2,1
8479388,2019020749,3,0
8479425,2019020749,1,0
8470604,2019020750,3,0
8470606,2019020750,3,1
8471685,2019020750,1,0
8473512,2019020750,2,0
8474037,2019020750,3,1
8474161,2019020750,5,0
8474563,2019020750,3,0
8475160,2019020750,3,0
8475726,2019020750,5,0
8475752,2019020750,1,0
8475762,2019020750,2,0
8475763,2019020750,1,0
8476461,2019020750,1,0
8476947,2019020750,2,0
8477073,2019020750,1,0
8477462,2019020750,1,0
8477948,2019020750,2,0
8477960,2019020750,2,0
8478439,2019020750,3,2
8478500,2019020750,2,0
8478911,2019020750,2,0
8479026,2019020750,2,0
8479382,2019020750,2,0
8479644,2019020750,3,0
8480113,2019020750,1,0
8480336,2019020750,4,0
8480797,2019020750,1,1
8470613,2019020754,2,0
8470626,2019020754,3,1
8471303,2019020754,3,0
8474091,2019020754,2,0
8474574,2019020754,4,0
8474578,2019020754,1,0
8474849,2019020754,2,0
8475169,2019020754,1,0
8475690,2019020754,1,0
8476468,2019020754,3,1
8476474,2019020754,1,0
8476624,2019020754,2,1
8476871,2019020754,4,1
8476881,2019020754,2,0
8477353,2019020754,3,0
8477500,2019020754,1,0
8477937,2019020754,4,0
8478099,2019020754,4,0
8478414,2019020754,1,0
8478444,2019020754,3,0
8478874,2019020754,3,0
8479571,2019020754,2,0
8479983,2019020754,1,0
8480800,2019020754,3,1
8480965,2019020754,1,0
8471215,2019020786,2,1
8471675,2019020786,1,1
8471702,2019020786,1,0
8471724,2019020786,2,1
8471887,2019020786,3,0
8473512,2019020786,2,0
8474037,2019020786,4,0
8474161,2019020786,2,1
8474602,2019020786,1,0
8475752,2019020786,2,1
8475763,2019020786,2,0
8475810,2019020786,3,1
8476461,2019020786,4,0
8476872,2019020786,3,1
8477290,2019020786,2,0
8477462,2019020786,1,0
8477948,2019020786,3,0
8477955,2019020786,3,0
8477979,2019020786,1,0
8478500,2019020786,1,0
8478866,2019020786,3,0
8479026,2019020786,1,0
8479293,2019020786,1,0
8479944,2019020786,1,0
8480797,2019020786,1,0
8470604,2019020804,7,0
8470606,2019020804,6,0
8470612,2019020804,2,0
8471685,2019020804,5,0
8474166,2019020804,2,0
8474584,2019020804,1,0
8474683,2019020804,3,1
8475164,2019020804,1,0
8475235,2019020804,1,0
8475726,2019020804,5,1
8475762,2019020804,1,0
8475764,2019020804,3,0
8475790,2019020804,1,0
8476483,2019020804,1,0
8476854,2019020804,2,0
8477018,2019020804,4,0
8477073,2019020804,3,0
8477240,2019020804,2,0
8477941,2019020804,3,0
8477960,2019020804,4,0
8478131,2019020804,1,0
8478455,2019020804,2,0
8478491,2019020804,1,1
8478873,2019020804,1,0
8478911,2019020804,4,0
8479351,2019020804,2,0
8479368,2019020804,3,1
8479644,2019020804,2,0
8480336,2019020804,1,0
8481481,2019020804,1,0
8469455,2019020839,3,1
8470612,2019020839,2,0
8474162,2019020839,2,0
8474641,2019020839,2,1
8474683,2019020839,2,1
8475160,2019020839,2,0
8475164,2019020839,1,0
8475166,2019020839,4,2
8475197,2019020839,2,0
8475235,2019020839,2,1
8475718,2019020839,3,0
8475764,2019020839,4,0
8475786,2019020839,1,0
8475790,2019020839,1,0
8476312,2019020839,1,0
8476854,2019020839,3,0
8477341,2019020839,2,1
8477512,2019020839,1,0
8477941,2019020839,1,0
8477953,2019020839,1,0
8478115,2019020839,3,0
8478131,2019020839,4,0
8478483,2019020839,3,0
8478491,2019020839,2,0
8478857,2019020839,1,0
8478873,2019020839,2,0
8479318,2019020839,6,1
8479351,2019020839,2,0
8479368,2019020839,1,1
8480873,2019020839,1,0
8471214,2019020862,6,0
8471698,2019020862,2,1
8473463,2019020862,3,1
8473544,2019020862,1,0
8473563,2019020862,2,0
8474176,2019020862,1,0
8474189,2019020862,2,1
8474573,2019020862,3,0
8474586,2019020862,3,1
8474590,2019020862,5,1
8475181,2019020862,3,0
8475209,2019020862,2,0
8475324,2019020862,1,0
8475744,2019020862,1,0
8475754,2019020862,2,0
8476880,2019020862,2,0
8476894,2019020862,1,0
8477506,2019020862,6,0
8477527,2019020862,2,0
8477936,2019020862,2,0
8477944,2019020862,2,0
8478038,2019020862,2,1
8478399,2019020862,1,0
8478445,2019020862,1,0
8478463,2019020862,4,2
8480796,2019020862,1,0
8471218,2019020872,4,0
8475179,2019020872,2,0
8475184,2019020872,5,2
8475268,2019020872,1,0
8475868,2019020872,1,0
8476458,2019020872,6,1
8476459,2019020872,2,1
8476460,2019020872,2,0
8476470,2019020872,2,0
8476858,2019020872,1,0
8476885,2019020872,4,0
8477402,2019020872,4,0
8477429,2019020872,2,0
8477940,2019020872,6,1
8477962,2019020872,1,0
8478398,2019020872,4,0
8478458,2019020872,4,0
8478550,2019020872,4,0
8478891,2019020872,2,0
8478915,2019020872,4,0
8479323,2019020872,1,0
8479324,2019020872,2,0
8479339,2019020872,7,0
8480145,2019020872,3,0
8481554,2019020872,2,0
8471214,2019020904,8,0
8471262,2019020904,4,0
8471698,2019020904,3,0
8471769,2019020904,1,0
8473548,2019020904,3,1
8473563,2019020904,3,0
8474176,2019020904,1,1
8474189,2019020904,2,0
8474590,2019020904,3,0
8474613,2019020904,6,0
8475200,2019020904,1,0
8475209,2019020904,1,0
8475324,2019020904,1,0
8475343,2019020904,3,0
8475462,2019020904,1,0
8475791,2019020904,1,0
8476329,2019020904,1,0
8476880,2019020904,3,0
8476994,2019020904,2,0
8477903,2019020904,1,0
8477944,2019020904,1,0
8477989,2019020904,3,1
8478432,2019020904,2,0
8478474,2019020904,4,1
8478856,2019020904,2,0
8479343,2019020904,2,0
8479482,2019020904,4,0
8468508,2019020908,2,0
8473533,2019020908,1,0
8474581,2019020908,1,0
8475163,2019020908,2,0
8475772,2019020908,2,0
8476288,2019020908,2,0
8476326,2019020908,3,2
8476454,2019020908,2,0
8476457,2019020908,2,0
8476472,2019020908,2,0
8476882,2019020908,2,0
8476915,2019020908,1,0
8476958,2019020908,1,0
8477488,2019020908,1,0
8477845,2019020908,2,1
8477934,2019020908,1,1
8477938,2019020908,3,0
8477998,2019020908,3,0
8478427,2019020908,6,2
8478451,2019020908,3,0
8479347,2019020908,1,0
8479466,2019020908,1,0
8479977,2019020908,3,1
8480039,2019020908,3,0
8480830,2019020908,4,0
8481813,2019020908,1,0
8469459,2019020946,3,0
8470595,2019020946,2,0
8470600,2019020946,3,0
8470610,2019020946,2,0
8474040,2019020946,2,0
8474716,2019020946,6,3
8475220,2019020946,2,0
8475772,2019020946,1,0
8476326,2019020946,2,0
8476437,2019020946,1,0
8476454,2019020946,4,2
8476457,2019020946,2,0
8476463,2019020946,2,0
8476851,2019020946,3,0
8476856,2019020946,2,0
8476915,2019020946,2,0
8476988,2019020946,2,0
8477369,2019020946,1,1
8477451,2019020946,4,0
8477498,2019020946,4,0
8477934,2019020946,1,1
8477942,2019020946,4,1
8478413,2019020946,1,0
8478451,2019020946,2,0
8478452,2019020946,2,0
8478493,2019020946,2,0
8479316,2019020946,1,0
8479977,2019020946,1,0
8481813,2019020946,1,0
8471669,2019020957,1,0
8471735,2019020957,2,0
8474098,2019020957,2,0
8474149,2019020957,6,1
8474157,2019020957,6,1
8474166,2019020957,2,0
8474207,2019020957,1,0
8474884,2019020957,4,1
8475188,2019020957,1,0
8475191,2019020957,2,2
8475792,2019020957,1,0
8475796,2019020957,2,0
8476448,2019020957,3,0
8476456,2019020957,3,0
8476539,2019020957,4,0
8476905,2019020957,3,0
8477220,2019020957,2,0
8477346,2019020957,1,0
8477447,2019020957,6,0
8477478,2019020957,4,1
8477493,2019020957,2,0
8477931,2019020957,3,1
8477932,2019020957,2,0
8478211,2019020957,1,0
8478366,2019020957,3,0
8478569,2019020957,3,0
8478839,2019020957,3,1
8479748,2019020957,1,0
8471218,2019020960,4,1
8473449,2019020960,5,2
8473564,2019020960,1,0
8475149,2019020960,1,0
8475236,2019020960,1,0
8475268,2019020960,2,0
8475728,2019020960,1,0
8475784,2019020960,2,0
8475868,2019020960,2,0
8476331,2019020960,1,0
8476460,2019020960,1,0
8476470,2019020960,1,0
8476525,2019020960,1,0
8476878,2019020960,1,0
8476918,2019020960,1,0
8477429,2019020960,1,0
8477508,2019020960,4,0
8477839,2019020960,1,0
8477933,2019020960,1,0
8477940,2019020960,2,0
8478109,2019020960,1,0
8478398,2019020960,1,0
8478403,2019020960,3,0
8478424,2019020960,6,0
8478458,2019020960,1,0
8478891,2019020960,2,0
8480035,2019020960,1,0
8480145,2019020960,1,0
8480839,2019020960,1,0
8471735,2019020987,1,0
8474149,2019020987,2,0
8474884,2019020987,6,1
8475160,2019020987,2,0
8475166,2019020987,2,0
8475197,2019020987,2,0
8475287,2019020987,1,0
8475716,2019020987,1,0
8475718,2019020987,1,1
8475786,2019020987,3,1
8475792,2019020987,2,0
8475796,2019020987,1,1
8476456,2019020987,1,0
8476875,2019020987,1,0
8477493,2019020987,1,0
8477932,2019020987,2,0
8477939,2019020987,3,1
8477953,2019020987,3,1
8478366,2019020987,2,0
8478483,2019020987,5,0
8478569,2019020987,5,1
8478839,2019020987,2,0
8479318,2019020987,6,1
8480873,2019020987,1,0
8470626,2019020988,1,0
8471303,2019020988,2,0
8471676,2019020988,3,3
8473573,2019020988,1,0
8474091,2019020988,1,0
8474291,2019020988,2,0
8474571,2019020988,1,0
8474574,2019020988,4,0
8474849,2019020988,1,0
8475690,2019020988,1,0
8475726,2019020988,6,1
8476422,2019020988,1,0
8476468,2019020988,3,1
8476871,2019020988,1,0
8477015,2019020988,4,1
8477149,2019020988,2,0
8477426,2019020988,2,0
8477500,2019020988,3,0
8477937,2019020988,1,0
8477963,2019020988,2,0
8477971,2019020988,1,0
8478469,2019020988,1,0
8478868,2019020988,1,0
8478870,2019020988,2,1
8478874,2019020988,2,0
8479442,2019020988,1,0
8480012,2019020988,3,0
8480064,2019020988,2,0
8480147,2019020988,2,0
8480801,2019020988,2,0
8468508,2019020996,4,0
8473446,2019020996,3,0
8473533,2019020996,2,0
8474013,2019020996,1,0
8475799,2019020996,4,0
8475820,2019020996,1,0
8476288,2019020996,1,0
8476441,2019020996,5,0
8476455,2019020996,2,0
8476869,2019020996,1,0
8476882,2019020996,5,2
8476921,2019020996,4,0
8476934,2019020996,1,0
8476958,2019020996,3,0
8477435,2019020996,2,0
8477444,2019020996,1,0
8477456,2019020996,1,0
8477492,2019020996,6,0
8477501,2019020996,3,0
8477845,2019020996,1,0
8477930,2019020996,2,0
8477938,2019020996,4,0
8477998,2019020996,3,0
8478427,2019020996,4,0
8479370,2019020996,4,2
8479398,2019020996,3,1
8480069,2019020996,1,0
8480822,2019020996,2,0
8480830,2019020996,5,0
8470606,2019021016,4,0
8471685,2019021016,2,2
8473453,2019021016,1,1
8474157,2019021016,2,0
8474166,2019021016,3,0
8474563,2019021016,2,0
8475188,2019021016,3,0
8475191,2019021016,3,0
8475204,2019021016,1,0
8476448,2019021016,3,0
8476539,2019021016,4,0
8476905,2019021016,3,0
8476924,2019021016,1,0
8476947,2019021016,1,0
8477220,2019021016,4,0
8477447,2019021016,5,1
8477478,2019021016,4,0
8477931,2019021016,4,0
8477960,2019021016,3,0
8478462,2019021016,2,0
8480014,2019021016,1,0
8480113,2019021016,1,1
8480336,2019021016,1,0
8480727,2019021016,2,0
8466139,2019021022,2,0
8468493,2019021022,3,0
8471675,2019021022,6,1
8471676,2019021022,2,0
8471677,2019021022,1,0
8471724,2019021022,2,0
8471887,2019021022,5,0
8474571,2019021022,1,0
8475722,2019021022,3,1
8475810,2019021022,5,3
8476422,2019021022,1,0
8476919,2019021022,2,0
8477015,2019021022,1,1
8477426,2019021022,2,0
8477839,2019021022,2,1
8477955,2019021022,1,0
8477963,2019021022,3,1
8477969,2019021022,1,0
8477971,2019021022,2,0
8478043,2019021022,2,0
8478074,2019021022,1,0
8478400,2019021022,1,0
8478469,2019021022,1,0
8478507,2019021022,1,1
8478542,2019021022,3,0
8478868,2019021022,1,0
8478870,2019021022,1,0
8480801,2019021022,5,1
8466138,2019021028,1,0
8469455,2019021028,2,0
8470613,2019021028,2,0
8471709,2019021028,1,0
8474053,2019021028,3,0
8475160,2019021028,3,0
8475166,2019021028,3,0
8475169,2019021028,7,2
8475197,2019021028,1,0
8475716,2019021028,2,0
8475718,2019021028,1,0
8475786,2019021028,1,0
8475834,2019021028,1,0
8475841,2019021028,1,0
8475869,2019021028,1,0
8476474,2019021028,2,1
8477021,2019021028,1,0
8477512,2019021028,1,0
8477939,2019021028,2,0
8478115,2019021028,1,0
8478408,2019021028,1,0
8478414,2019021028,6,0
8478483,2019021028,2,1
8479318,2019021028,5,1
8479393,2019021028,1,0
8479983,2019021028,3,0
8480157,2019021028,1,0
8480160,2019021028,4,1
8480965,2019021028,3,1
8481516,2019021028,2,0
8470601,2019021034,1,0
8473507,2019021034,3,0
8473986,2019021034,2,1
8474031,2019021034,2,0
8474034,2019021034,1,0
8474038,2019021034,3,0
8474567,2019021034,2,0
8474870,2019021034,1,0
8475167,2019021034,4,2
8475279,2019021034,1,0
8475738,2019021034,1,0
8476292,2019021034,1,0
8476399,2019021034,1,0
8476453,2019021034,2,1
8476469,2019021034,3,0
8476479,2019021034,1,0
8476624,2019021034,4,0
8476948,2019021034,3,0
8476967,2019021034,2,0
8476975,2019021034,1,0
8477476,2019021034,3,0
8477503,2019021034,5,0
8478010,2019021034,1,0
8478133,2019021034,4,0
8480018,2019021034,3,0
8471676,2019021038,2,0
8472382,2019021038,1,0
8474571,2019021038,1,1
8474573,2019021038,2,0
8474586,2019021038,5,0
8474709,2019021038,1,0
8475314,2019021038,6,1
8475754,2019021038,4,0
8476419,2019021038,3,0
8476422,2019021038,3,0
8476429,2019021038,2,0
8476919,2019021038,1,0
8477015,2019021038,5,1
8477407,2019021038,6,1
8477506,2019021038,6,1
8477936,2019021038,1,0
8478038,2019021038,1,0
8478445,2019021038,5,1
8478463,2019021038,1,0
8478469,2019021038,4,0
8478870,2019021038,1,0
8479458,2019021038,4,0
8480801,2019021038,2,1
8480865,2019021038,2,0
8470606,2019021041,3,0
8471685,2019021041,1,0
8474563,2019021041,2,0
8475166,2019021041,3,0
8475197,2019021041,3,0
8475716,2019021041,2,0
8475786,2019021041,3,0
8476924,2019021041,3,0
8476947,2019021041,2,0
8477018,2019021041,3,0
8477939,2019021041,9,0
8477953,2019021041,1,0
8477960,2019021041,6,0
8478020,2019021041,2,0
8478115,2019021041,1,0
8478408,2019021041,1,0
8478455,2019021041,1,0
8478483,2019021041,6,0
8478843,2019021041,2,0
8478911,2019021041,1,0
8479318,2019021041,4,0
8480014,2019021041,1,0
8480336,2019021041,4,0
8480873,2019021041,1,0
8481481,2019021041,1,0
8470755,2019021046,1,0
8470966,2019021046,3,0
8471262,2019021046,4,1
8471274,2019021046,1,0
8471769,2019021046,2,0
8473473,2019021046,2,0
8473548,2019021046,4,0
8474150,2019021046,3,1
8474218,2019021046,1,0
8474613,2019021046,1,0
8474673,2019021046,1,1
8475791,2019021046,8,1
8476346,2019021046,4,1
8476356,2019021046,2,0
8476873,2019021046,1,0
8476979,2019021046,1,0
8476994,2019021046,2,0
8477496,2019021046,4,0
8477497,2019021046,2,0
8477851,2019021046,1,0
8477935,2019021046,2,0
8477951,2019021046,2,0
8477989,2019021046,2,0
8478233,2019021046,3,0
8478397,2019021046,2,0
8478474,2019021046,1,0
8478585,2019021046,3,0
8478856,2019021046,2,0
8479314,2019021046,1,0
8480849,2019021046,1,0
8480950,2019021046,1,0
8470600,2019021052,1,0
8470606,2019021052,5,3
8470610,2019021052,2,0
8471685,2019021052,4,1
8473453,2019021052,2,0
8474563,2019021052,3,0
8474688,2019021052,2,0
8474716,2019021052,2,1
8475220,2019021052,3,1
8475692,2019021052,2,0
8476463,2019021052,1,0
8476924,2019021052,1,0
8477018,2019021052,3,0
8477451,2019021052,2,0
8477942,2019021052,6,0
8477960,2019021052,2,0
8477987,2019021052,2,0
8478020,2019021052,1,0
8478455,2019021052,1,0
8478493,2019021052,1,0
8478911,2019021052,2,0
8479316,2019021052,3,1
8479675,2019021052,1,1
8479933,2019021052,1,0
8479998,2019021052,4,0
8480014,2019021052,3,1
8480113,2019021052,1,0
8481481,2019021052,2,1
8473449,2019021056,3,0
8473512,2019021056,2,2
8473564,2019021056,1,0
8474161,2019021056,3,0
8474190,2019021056,2,0
8475149,2019021056,1,0
8475728,2019021056,1,0
8475752,2019021056,1,0
8475763,2019021056,1,0
8475784,2019021056,6,0
8476461,2019021056,5,0
8476525,2019021056,1,0
8476872,2019021056,1,0
8476878,2019021056,2,0
8476931,2019021056,1,0
8477290,2019021056,1,0
8477462,2019021056,1,0
8477499,2019021056,3,0
8477508,2019021056,1,0
8477933,2019021056,6,0
8477948,2019021056,1,0
8477979,2019021056,2,0
8478403,2019021056,3,0
8478439,2019021056,3,0
8480035,2019021056,2,0
8480797,2019021056,3,1
8480839,2019021056,4,0
8480946,2019021056,2,1
8470144,2019021060,2,0
8470318,2019021060,1,0
8471794,2019021060,4,0
8473415,2019021060,1,0
8473986,2019021060,6,0
8474034,2019021060,2,1
8474151,2019021060,1,0
8474567,2019021060,1,0
8474568,2019021060,3,0
8475747,2019021060,2,0
8476292,2019021060,4,0
8476453,2019021060,8,0
8476822,2019021060,1,0
8476826,2019021060,1,0
8476975,2019021060,1,0
8477409,2019021060,1,1
8477479,2019021060,2,1
8477511,2019021060,3,1
8477946,2019021060,6,1
8477952,2019021060,3,1
8478010,2019021060,3,2
8478416,2019021060,3,0
8478519,2019021060,1,0
8478857,2019021060,1,0
8479410,2019021060,2,0
8479425,2019021060,2,0
8471217,2019021077,3,1
8471303,2019021077,3,0
8472382,2019021077,1,0
8473463,2019021077,1,0
8473504,2019021077,1,0
8473544,2019021077,1,0
8474091,2019021077,1,0
8474573,2019021077,1,0
8474574,2019021077,4,0
8474586,2019021077,5,1
8474849,2019021077,1,0
8475181,2019021077,1,0
8475314,2019021077,3,0
8475690,2019021077,1,0
8475726,2019021077,3,1
8475754,2019021077,6,2
8476419,2019021077,3,0
8476429,2019021077,1,0
8476468,2019021077,1,0
8477353,2019021077,2,0
8477500,2019021077,2,1
8477506,2019021077,6,0
8477937,2019021077,1,0
8478038,2019021077,4,0
8478444,2019021077,3,0
8478445,2019021077,7,0
8478463,2019021077,4,0
8478874,2019021077,2,1
8479442,2019021077,2,0
8479772,2019021077,2,1
8480012,2019021077,3,0
8480147,2019021077,1,0
8480800,2019021077,2,0
8480865,2019021077,1,0
8470638,2019030001,4,0
8470775,2019030001,1,1
8471276,2019030001,3,0
8473419,2019030001,2,0
8473512,2019030001,3,0
8474027,2019030001,1,0
8474037,2019030001,1,0
8474161,2019030001,3,0
8474683,2019030001,3,0
8475745,2019030001,3,0
8475763,2019030001,2,0
8475780,2019030001,3,1
8476374,2019030001,3,0
8476461,2019030001,3,0
8476792,2019030001,2,0
8476872,2019030001,2,1
8477290,2019030001,2,1
8477462,2019030001,1,0
8477948,2019030001,1,0
8477956,2019030001,2,0
8478075,2019030001,2,0
8478443,2019030001,1,0
8478498,2019030001,2,0
8478500,2019030001,1,0
8479026,2019030001,5,1
8479325,2019030001,2,0
8480021,2019030001,3,0
8480901,2019030001,3,0
8469454,2019030002,3,0
8471214,2019030002,3,0
8471698,2019030002,2,0
8473563,2019030002,1,0
8474031,2019030002,2,0
8474034,2019030002,1,0
8474151,2019030002,2,0
8474176,2019030002,1,0
8474189,2019030002,1,0
8474567,2019030002,3,0
8474870,2019030002,2,0
8475167,2019030002,3,0
8475200,2019030002,2,0
8475209,2019030002,1,1
8475324,2019030002,2,0
8475343,2019030002,2,0
8475455,2019030002,2,0
8475462,2019030002,1,0
8475744,2019030002,3,1
8476292,2019030002,2,0
8476399,2019030002,1,0
8476453,2019030002,2,1
8476624,2019030002,2,0
8476975,2019030002,1,0
8477903,2019030002,2,0
8477944,2019030002,2,0
8478010,2019030002,1,0
8478399,2019030002,2,0
8478477,2019030002,2,1
8478519,2019030002,1,0
8479410,2019030002,3,0
8479482,2019030002,3,0
